id,sdg_id,sdg_name,score
UFTM_826de35493e9954d968499d157a72429,16,"Peace, Justice and strong institutions",0.4847
UFTM_d786ef23639d8fe0b2f3dfe060fece59,4,Quality Education,0.8381
UFTM_d05e09537bc36d353aadf92062618f81,16,"Peace, Justice and strong institutions",0.7024
UFTM_b08867b8f6cec9cf8b7ac4c59c52bf01,4,Quality Education,0.6264
UFTM_febf776ef9bf1f7e3225a30446283027,3,Good health and well-being,0.793
UFTM_7a898996b479f78c88b7ed58963e8342,3,Good health and well-being,0.7188
UFTM_c599271ce71a788c04648edf72ed9718,3,Good health and well-being,0.8004
UFTM_e20488888142cca9465fdefdaaed7124,4,Quality Education,0.6145
UFTM_a1036898e61bc1edd3bb37067e80297a,6,Clean water and sanitation,0.5289
UFTM_34eb0a59f905d355eee9c27bcb79065a,17,Partnerships for the goals,0.4429
UFTM_7346b086a0af0d0f2f2feb948c5fa3f3,4,Quality Education,0.6925
UFTM_59e605bf5aa4f1330a5c35ad47be52b4,3,Good health and well-being,0.7787
UFTM_81f43c5ccf3d23e9450ec7d57a845427,12,Responsible consumption and production,0.4249
UFTM_68d62d7d2d06bc8a6762fd47298809e7,4,Quality Education,0.5362
UFTM_4975ef046c199c03f10a2c32537fcf9c,16,"Peace, Justice and strong institutions",0.4107
UFTM_6ef150c2e3830779c9238c91315e3144,4,Quality Education,0.7059
UFTM_b35719a7d63d6e309d47e27ff97ee9c7,5,Gender equality,0.4426
UFTM_b35719a7d63d6e309d47e27ff97ee9c7,16,"Peace, Justice and strong institutions",0.4818
UFTM_cf44eec4117f0f943967a70b8a266bc9,4,Quality Education,0.715
UFTM_d3184cb8eb2679124ec7d02eb2c8bcfe,4,Quality Education,0.6984
UFTM_0d244ee4ece92c1900ebfbe14d02601a,4,Quality Education,0.6206
UFTM_3080dacba0f370351884ce4226943973,3,Good health and well-being,0.5771
UFTM_b9a7e01457aa30df551f7a72dbb1a6c2,16,"Peace, Justice and strong institutions",0.5601
UFTM_85debaa3331894b0472f0ebe5f4dc25f,11,Sustainable cities and communities,0.7231
UFTM_897a63409cb525b223bdfcf79ab1ebf6,4,Quality Education,0.6459
UFTM_d61b1efcd2120b73023a0c91a77bb719,4,Quality Education,0.7622
UFTM_5bfee1b0d5460c6bd4385429388336d4,4,Quality Education,0.4753
UFTM_16c494bd77ec6da9d48f1597a21da933,3,Good health and well-being,0.4693
UFTM_b7ee90f869e72f82859b02596304ff70,4,Quality Education,0.4346
UFTM_37f91cd4e7eb6158dcaf7155e1da7010,4,Quality Education,0.7674
UFTM_5f6745c39997773b8fd2e3c88ef490ce,4,Quality Education,0.7264
UFTM_353ee7958b7ab6a2019e7ae8a0aa3851,4,Quality Education,0.5343
UFTM_acd77e025a7d35a4a45b8e60a7a65db1,4,Quality Education,0.7975
UFTM_750eaa626347b5115f2e323d44e73de2,3,Good health and well-being,0.5399
UFTM_63840f23499ffa5b0e8ab316c9dac8a9,4,Quality Education,0.7232
UFTM_bb9392fc478ccefbd008c28ab1aac0ff,4,Quality Education,0.7232
UFTM_974dd2dee3409b91b1575875385f7140,4,Quality Education,0.4621
UFTM_7d2eba171e714e6c056a318f22a4e033,3,Good health and well-being,0.7162
UFTM_e585b848aeed705f09e16dca1907ad9e,3,Good health and well-being,0.756
UFTM_eecef6d4e9d8f659824b251b2b6ba5d7,3,Good health and well-being,0.8055
UFTM_8ffc57502fd8e520e8b9fa7fefe2da67,3,Good health and well-being,0.7764
UFTM_bcfc551ee705cd1181adb89db0ccf175,4,Quality Education,0.6871
UFTM_49aa14fcc955771b20868711897e01ce,4,Quality Education,0.474
UFTM_3805188d6809b284066aa48c5ac62976,16,"Peace, Justice and strong institutions",0.4662
UFTM_bc37b67c8c496865888da8e5bd59a4c1,3,Good health and well-being,0.7155
UFTM_693f5ec88a9387229c141e6ddbac03d5,3,Good health and well-being,0.4561
UFTM_83f201edc205548954b3a34898dc5f48,2,Zero hunger,0.6859
UFTM_371e5efe1e13115668af239a4ea83271,4,Quality Education,0.6675
UFTM_053bd69e84bb9a84bd6d884f6e4b1722,4,Quality Education,0.6675
UFTM_40d37e1dbd52e6707194bc922f6e4f62,3,Good health and well-being,0.8277
UFTM_f324a963d882a0adcaace0bb49408794,3,Good health and well-being,0.803
UFTM_d4e276a283ec040f366e00763b66b8da,3,Good health and well-being,0.831
UFTM_ac72d61e7511c1200628e4a8019edfb4,3,Good health and well-being,0.7852
UFTM_e769d1dd0100a1136695d3181e512bcd,2,Zero hunger,0.4548
UFTM_7f5027eaa7f41c0b3fbb442ca901b422,3,Good health and well-being,0.8736
UFTM_29c383efb9d95d7b78c051310fd4437a,4,Quality Education,0.5125
UFTM_4adaf6e80ac7c8a40e3cc7edc54db809,4,Quality Education,0.536
UFTM_7966b72624a374c0f05e41538e936c4a,3,Good health and well-being,0.598
UFTM_a7cb10e215fee95cebaaefb6eec57c5a,3,Good health and well-being,0.8504
UFTM_45bb3c765e427384b2bf36497c4bb00a,7,Affordable and clean energy,0.4499
UFTM_e07d99bb53900f302f2345c8b28891e5,4,Quality Education,0.7869
UFTM_11561fe047a671b263283af8aee77886,3,Good health and well-being,0.7012
UFTM_2776ef953afcc78111c15c019fd55447,3,Good health and well-being,0.8335
UFTM_a5c8c44c07ba36baf5a14b762bc8a9dd,16,"Peace, Justice and strong institutions",0.4257
UFTM_5a0b172c3e21fb5c12f8ed957e194013,4,Quality Education,0.7196
UFTM_fe5b4dfdf5e14bfc182a01c6001d2c34,3,Good health and well-being,0.4439
UFTM_1444a3cae61a8858a8ad8f8147828d4f,3,Good health and well-being,0.7108
UFTM_a5ef37cc66d11dcaa9fac784a438bd16,3,Good health and well-being,0.6785
UFTM_c9d8b7920f93dbee6f688edbf4032a5f,4,Quality Education,0.7618
UFTM_577a2d9086e2598f148a8ed6d3156f41,4,Quality Education,0.5256
UFTM_cd35c9dd1210429d3f87fc7d7b0963e9,3,Good health and well-being,0.4327
UFTM_263426fae66b998e8d595898a509b1bc,3,Good health and well-being,0.8428
UFTM_b8abfc96cbc2ac676c44baa5f29c6944,3,Good health and well-being,0.4616
UFTM_611b3f7ef2b9345f0bb90934bca062f6,3,Good health and well-being,0.4188
UFTM_12339d37ec1787d8188e119b42209aef,3,Good health and well-being,0.8687
UFTM_4a3b87d48eb178ccc0cb2b16841f313b,3,Good health and well-being,0.4894
UFTM_8caec57da4f7d05928e54039e8a8b5ea,4,Quality Education,0.6821
UFTM_bfe2826957bdf78c16d6306afd99b0bf,4,Quality Education,0.6821
UFTM_e4d4b20b1867b5a88c8a4802ebfc912b,3,Good health and well-being,0.7638
UFTM_34289763a310ef493a6515fc366b42ee,7,Affordable and clean energy,0.8045
UFTM_6f3323021483909ffffa7e2c3e8389b1,7,Affordable and clean energy,0.7431
UFTM_b7fc9bd13c76cbe45952a2112bc4a1c4,4,Quality Education,0.6097
UFTM_05cc680e0c6b05034ed8f4fba172301d,4,Quality Education,0.6345
UFTM_27d2a6eea8b28fdc0ba765769ef4e009,15,Life in Land,0.466
UFTM_6aae21d4be1caeac056b563400656894,3,Good health and well-being,0.5262
UFTM_eb41b2dc0344f543fa90b5f6dc847242,7,Affordable and clean energy,0.6459
UFTM_99c875adbcbac18cd063da88e564674b,7,Affordable and clean energy,0.6459
UFTM_78835631bbf851d18163438094e22da6,7,Affordable and clean energy,0.6874
UFTM_5b581c9437a876f93d8017552edf16c1,3,Good health and well-being,0.4967
UFTM_e66f339a590ebca4ae2f5961d66572d6,5,Gender equality,0.4808
UFTM_352a7b32dc47f14d9d6d56c939046765,4,Quality Education,0.6199
UFTM_c3877910c4304899898913605b0e7a9a,4,Quality Education,0.6118
UFTM_a021a7c075773e5ea31ca21a188d63d0,3,Good health and well-being,0.8023
UFTM_a9df0ce829bed305253fec1832de3b06,4,Quality Education,0.671
UFTM_9df80195d973395f12a5b5c354d83bac,4,Quality Education,0.4717
UFTM_c97c2be9b24880555e0d91afa949d4c0,4,Quality Education,0.8214
UFTM_4d09abea6c36ff5525a2dc54b708922c,14,Life below water,0.52
UFTM_14f4d07c5075a86a73e67b1a875c2673,4,Quality Education,0.6034
UFTM_b78b6d6aaa23c58b17d7bc49a2a7dc1e,5,Gender equality,0.582
UFTM_c2e6e6e1c0aa5d938f97d11351fedf31,4,Quality Education,0.5359
UFTM_4f9b832bac65883b828957358e3b1390,4,Quality Education,0.7016
UFTM_c812c294b1d52e4945c520f271db509d,3,Good health and well-being,0.7413
UFTM_236c8547cfc6477cc93cc22111b37dd7,3,Good health and well-being,0.81
UFTM_af94b631df53ea4c683ccdd23109b23c,4,Quality Education,0.7185
UFTM_bbdcb74d707dc860f7e08f16c9712af7,3,Good health and well-being,0.6956
UFTM_b758d8bdb13ef22ef79f04b7e22cc544,3,Good health and well-being,0.5322
UFTM_b9d7204d875758a1cc2b57b9a7e86a2f,2,Zero hunger,0.5256
UFTM_7b91889d50ab9f9428aa4eb4d55c3376,3,Good health and well-being,0.843
UFTM_355c34f27779ab1964c5b4fd671d86b7,4,Quality Education,0.565
UFTM_66f2e3096968b0754764430a5d3c1917,4,Quality Education,0.6123
UFTM_70cfcbf1877643c1fa9db259957308b8,3,Good health and well-being,0.7281
UFTM_d0e9d56bbda6ba5ea1dd10b1b1969be9,4,Quality Education,0.6426
UFTM_8aa887b02eb800b016716247c77f5025,3,Good health and well-being,0.4611
UFTM_863c7b9ee0e753de3f883f7e96bd070d,10,Reduced inequalities,0.7081
UFTM_8be21f80d0d1f40360514e0c2565da11,3,Good health and well-being,0.5534
UFTM_623d105dfa54f9efbd339d6f4965f461,4,Quality Education,0.7178
UFTM_38afaf16ebd5dd513c522e25c8dc593d,5,Gender equality,0.5105
UFTM_0b947b74b5278be6b9ee7f3eea071659,4,Quality Education,0.6651
UFTM_885c7663434fd4bbae608bf481d418e5,3,Good health and well-being,0.8072
UFTM_6e9572b871fea18a4874dfa1392eb8dc,3,Good health and well-being,0.7026
UFTM_defcdfe2aa623a76e284917e75815e7f,2,Zero hunger,0.6167
UFTM_9f1a80765c8d2ee7ebbfd9b75c805993,3,Good health and well-being,0.5695
UFTM_0b09c6baa791bd66aeedad39fd1120ca,3,Good health and well-being,0.7795
UFTM_2e7f49bdaae99e0069bde32b99ab00a1,3,Good health and well-being,0.608
UFTM_9a496ffaeecc2f7214d2ed48b69ca38e,4,Quality Education,0.7011
UFTM_d7134c6a4d4c46ae0c3ca5d3a8db5ae9,3,Good health and well-being,0.6832
UFTM_c2aaf1b719e61babd41bc6435716afdf,6,Clean water and sanitation,0.4703
UFTM_0f98be79b791f50f8360ac9f1e631e15,3,Good health and well-being,0.7813
UFTM_0b4fbb5b85da0388a1d2b5eeec1dbf01,3,Good health and well-being,0.503
UFTM_715576e9d55ecaeec4d92e56f8efa53b,4,Quality Education,0.7288
UFTM_86e8ffd318fc81c9eb8cc018cca19087,6,Clean water and sanitation,0.4514
UFTM_0533945e02630fea364eadbc475c3e95,3,Good health and well-being,0.7041
UFTM_2e06255e2cc0da14c92711458cbf5c76,3,Good health and well-being,0.7328
UFTM_e07e23551bc02ca380e8f37ef83ab72d,3,Good health and well-being,0.7873
UFTM_aa8b07b5400ae55e8bf77de5cb38d830,4,Quality Education,0.6858
UFTM_d21ab809026ba14d848280bf78c85044,12,Responsible consumption and production,0.4165
UFTM_14dd3699d3fb9b9394b626aa4f139f4c,3,Good health and well-being,0.8047
UFTM_845fa18990bb2ab57ad005720ae7a758,4,Quality Education,0.6227
UFTM_6a6b216fa0424c1faf7713b060b2d86b,4,Quality Education,0.826
UFTM_e42ed1159cb7bc5ec0d1b298a1f0aa3c,4,Quality Education,0.7751
UFTM_792cf97203e7d8b2aee7e34ff971c234,5,Gender equality,0.4182
UFTM_a414e7aeecddb33beb7ef15dd677eefe,4,Quality Education,0.798
UFTM_c0fc9a711d508bb82aff01d625708750,3,Good health and well-being,0.801
UFTM_d9fc4e2513a55b68bb815c7465e8e6fb,4,Quality Education,0.4533
UFTM_7ce7832edaad78c5b89c55a0187e4470,3,Good health and well-being,0.644
UFTM_0c1a8c548423471907134dd64893aa59,4,Quality Education,0.6075
UFTM_a875554abf7d92c51e3f5f47b095e3fa,4,Quality Education,0.581
UFTM_8789cf92eaed489976dccb734bb01e1c,3,Good health and well-being,0.8254
UFTM_69e05fdec20e843a2118088faf7d5d51,3,Good health and well-being,0.4271
UFTM_a7b0d2ef11a4082837f4c8c977025046,3,Good health and well-being,0.6317
UFTM_19f714bab3971c198f97becec14597a1,16,"Peace, Justice and strong institutions",0.4187
UFTM_2cd29a010361c0dc6d7cf4afcdd72c1e,3,Good health and well-being,0.7109
UFTM_872d1a01da4204a334dd0f96031b2388,7,Affordable and clean energy,0.8665
UFTM_058c9b500209415943008ce568fa04db,14,Life below water,0.5684
UFTM_f6b2131f6cc03a9d7a19c5474c89e297,3,Good health and well-being,0.7395
UFTM_03c5a4c1a2245a266f39f33a1fbdc8f0,4,Quality Education,0.5188
UFTM_760edbb78eacb4bddab66b01e8560941,3,Good health and well-being,0.6173
UFTM_c934cb13c2f28e569b0409d4fd034e7b,3,Good health and well-being,0.7935
UFTM_fcc294eb8e0b45ee475eed3d389ef76b,3,Good health and well-being,0.7305
UFTM_08622e482903dfba7fd52c2dc35f6f12,3,Good health and well-being,0.7187
UFTM_eaa3dbb197507c36322abb17ec251652,15,Life in Land,0.4458
UFTM_1194186c54ab6cee9f283312704b2301,11,Sustainable cities and communities,0.5819
UFTM_d8565df89e2831aeee73329bacf713dc,2,Zero hunger,0.5989
UFTM_92576b321bc945140a47fb3bcc431a39,3,Good health and well-being,0.7566
UFTM_6bfb5f2c7bb5a88747d764f250b53297,3,Good health and well-being,0.6824
UFTM_3f163b14e2c133f1bee6919bc8b5b599,3,Good health and well-being,0.5797
UFTM_c9440ca162d45ee465337c55a52674dd,3,Good health and well-being,0.4375
UFTM_a0dd67493b907c662d1ac391248a981b,2,Zero hunger,0.7453
UFTM_c615002163459b09e954041f279f6719,3,Good health and well-being,0.7363
UFTM_375dedd102e7a37e1a8661eae2865bc7,4,Quality Education,0.8564
UFTM_0b8fa8066f708419c1ddd2a1a98e4f7c,4,Quality Education,0.5124
UFTM_d1bc76923415461fcb254e0d3d67aa80,4,Quality Education,0.5167
UFTM_d770240c7ea38f32ba15a5078a620e5e,6,Clean water and sanitation,0.6623
UFTM_489ecdfcfe28eeb4360ac89fdc8e185c,14,Life below water,0.7914
UFTM_c6279a20c3c0a6c405ada290382aab69,3,Good health and well-being,0.504
UFTM_d9b14becf76639a1b9d1a9930d90d4d2,7,Affordable and clean energy,0.4367
UFTM_3fa97637f40df888bd6ff403a6cbe144,3,Good health and well-being,0.5717
UFTM_6ea8bd2ba3ab57d9e411d37ee5389084,4,Quality Education,0.4521
UFTM_aed0ce1bc2c7aca85c61577f76cf5058,15,Life in Land,0.6866
UFTM_5b9f4fedc578d9f00bc0b81d9a0abe53,3,Good health and well-being,0.6933
UFTM_6a1a105e2bb779cd542f56cfaf5c7a4b,3,Good health and well-being,0.5417
UFTM_a18799e1c66f12c78f5fc7c043adf92c,3,Good health and well-being,0.8149
UFTM_09cd5006277eae362b0cf6e03e5b1b5c,6,Clean water and sanitation,0.6207
UFTM_06edb52f5d95b41d03555ac141fca167,5,Gender equality,0.5303
UFTM_14f8e49d8c4b72474bf25526f8f904b8,3,Good health and well-being,0.4521
UFTM_dcec6a629ea0e195847342b76dc894c6,4,Quality Education,0.6737
UFTM_6446feab409dc0ad293ab5a71a8488bc,4,Quality Education,0.4209
UFTM_006d1e1a2d56cdc25a20587b8184296a,6,Clean water and sanitation,0.4249
UFTM_dbda34c6fc3df1d294e42b3b7a6f46e4,3,Good health and well-being,0.5082
UFTM_09d05751c5f8762353e64ec9805dc1e8,3,Good health and well-being,0.5143
UFTM_918ccf06dfd926b8b738aadff5211443,3,Good health and well-being,0.5517
UFTM_df0eb4a3c89e39cab2497d887bc95733,3,Good health and well-being,0.8486
UFTM_efa6a5ac1c2ff913d54dbf99bd704945,4,Quality Education,0.8154
UFTM_d0f3cef569933b2785ea8835a837f9a9,4,Quality Education,0.4201
UFTM_f0a4f1e09008db2d5672f51aad493a6d,16,"Peace, Justice and strong institutions",0.4746
UFTM_aad9a6122a160880bf55c88c58627c5e,3,Good health and well-being,0.4558
UFTM_7017ac5c7a784388a3321aee99b4c90c,3,Good health and well-being,0.4578
UFTM_6550f171a09764db3530bdd447b9f7b5,16,"Peace, Justice and strong institutions",0.6964
UFTM_6d28e34d70f6066b86d2a4e502bbda30,4,Quality Education,0.7593
UFTM_3cd378b9f77ecfe7ba699320a2727825,7,Affordable and clean energy,0.4821
UFTM_7c0559dd5cf0b245121f1b2c88580b1f,4,Quality Education,0.7835
UFTM_7e68b95f3c8876cbd27102f0854713a0,15,Life in Land,0.6152
UFTM_46b604a27eb85ec745c4e145f8ea3e4b,7,Affordable and clean energy,0.7232
UFTM_613f1823f9f8b49e73163ec42bf6764f,4,Quality Education,0.5349
UFTM_fd194588a7f2e2fb3c9390108f7866a1,5,Gender equality,0.4743
UFTM_1900d51ff1a5134ebe76a84fb26125d5,5,Gender equality,0.5483
UFTM_bf90381b30d15beaa743c277e912b8c5,3,Good health and well-being,0.5182
UFTM_b37ec38cee9a8f1348e233b3a009bfe4,4,Quality Education,0.8667
UFTM_6c77141c1e7e493132284a2ad5e1e998,4,Quality Education,0.8457
UFTM_6b7050e252f1c3ab223c7cc79a4a5002,3,Good health and well-being,0.6818
UFTM_517b39bba7a06dd31fa2f2b0cea094e9,4,Quality Education,0.4583
UFTM_07a7c46641f4376ab6590e3dbece34b2,4,Quality Education,0.4194
UFTM_7d49e972261e68043d8c1a31185f94ab,16,"Peace, Justice and strong institutions",0.4747
UFTM_3841c780b5a02d704cb05ebd8abb79d0,4,Quality Education,0.6061
UFTM_8865b3d02966610c7db36d4bae3b1093,5,Gender equality,0.4828
UFTM_f74d2f8657fae7c429d94262e0dff32e,3,Good health and well-being,0.5898
UFTM_7881d884b55dda659fb7d47c54a97819,3,Good health and well-being,0.7646
UFTM_1d3191ab64fd772ed6e53b0552e16209,4,Quality Education,0.572
UFTM_90ff2216f520aa9b86fb0f6920ee43fa,4,Quality Education,0.6058
UFTM_0ab2add5b46aa9a96d724ac6f321f61c,5,Gender equality,0.5698
UFTM_7c984c740c3ed9eb666832bce4813327,3,Good health and well-being,0.7948
UFTM_101f7392902e4e5bed9737f5b2d805c7,4,Quality Education,0.5357
UFTM_b42afc6d0c7da4427b55d17b96254b86,14,Life below water,0.8037
UFTM_c1ce4c061b3282a39aebd86abe8036b3,3,Good health and well-being,0.5742
UFTM_8361feb94697ee2ec3b293f4b340a34a,3,Good health and well-being,0.4643
UFTM_ac14b6b7482d93ec461721bef869dd0e,3,Good health and well-being,0.5775
UFTM_411ca8900bceebdfcb1ae03bbd6c1261,4,Quality Education,0.8268
UFTM_122af69d513dab9c75c8a8801619c91b,4,Quality Education,0.6482
UFTM_f20da2678df70e1a70fee1b6f9e33ffd,8,Decent work and economic growth,0.4313
UFTM_4bccf0338edab37469b6b57ae8beec2e,4,Quality Education,0.6243
UFTM_ffd6719cb3415819d28a549a486efee5,3,Good health and well-being,0.6902
UFTM_08b29b364caa2e35484b27c1de2dcbd4,12,Responsible consumption and production,0.4456
UFTM_a6cb39bfddcfaf27aa7fb8fa54ef33a8,6,Clean water and sanitation,0.6484
UFTM_deba21bbf3a278825304dbc759a35d2f,15,Life in Land,0.6059
UFTM_b9a86e75272fc5707e0487248e3ede25,3,Good health and well-being,0.8368
UFTM_419db3394df18f8471a478af05787391,3,Good health and well-being,0.6409
UFTM_763d6c7fc52dcd6ce28c03ec79369a2a,3,Good health and well-being,0.7979
UFTM_20e51da84172b8de7def713bce53d3ce,3,Good health and well-being,0.7786
UFTM_c612fb9491875f696c98897672649644,10,Reduced inequalities,0.4854
UFTM_b444132e5fb5aeeef02d470d0fd00cdd,3,Good health and well-being,0.7261
UFTM_7e6ef5f989f5cdead7aee1fdaba590f5,3,Good health and well-being,0.6436
UFTM_8bd1a02b5e490c04e33c3484877d3ea9,5,Gender equality,0.7261
UFTM_6ae76370d9a60043d241139786648f91,3,Good health and well-being,0.4014
UFTM_822765f0d8e380ba0afecca591bd6c0d,17,Partnerships for the goals,0.4175
UFTM_b315921a60e19bb7f2d647d21f94c4c3,3,Good health and well-being,0.585
UFTM_fdcf67d0749a19e339beba6291ac5f38,3,Good health and well-being,0.7149
UFTM_e32ed543146392c6d92168bd1d590aa0,3,Good health and well-being,0.4783
UFTM_0b13e4679cb5b7838408e1b4976c44f4,3,Good health and well-being,0.5263
UFTM_748417d4dc37794121105df9aa335ec6,4,Quality Education,0.8227
UFTM_9caa7cb3629a2abc4a954cc195d1bf75,3,Good health and well-being,0.6834
UFTM_a78b1c6f7ce1d8ee019428539fde0284,3,Good health and well-being,0.835
UFTM_0dd3c581ea25701c1013564a7da7fdab,6,Clean water and sanitation,0.7208
UFTM_6c58a9557ca3c53f22cb67c3d3702496,3,Good health and well-being,0.7948
UFTM_7d99558cd3d159bbfbf29a6e267b5fe2,3,Good health and well-being,0.6407
UFTM_d6580606888b3b5fab5286c7965ed825,3,Good health and well-being,0.6693
UFTM_178af5a2866b038f18bd1ddb4a7f3d77,3,Good health and well-being,0.8264
UFTM_014ab7771016730b81681c5b0b2d614e,3,Good health and well-being,0.5088
UFTM_2c4b7f550b2ee2667dddf52502e8e366,2,Zero hunger,0.7895
UFTM_d8e24b099dffb46ccc386fb02eef011a,4,Quality Education,0.5903
UFTM_098d40aa441d0e9495c8067a0f554520,4,Quality Education,0.4173
UFTM_cf085e36519052b6764c2993321e040a,3,Good health and well-being,0.6082
UFTM_bfc2d01ae668dcb1514f442fb043b853,4,Quality Education,0.8294
UFTM_3e78c21635a6b014ce1901de4909c507,3,Good health and well-being,0.5514
UFTM_73534a6d1db8e571f7b3cbdfd8ede208,4,Quality Education,0.8041
UFTM_d1abeeb153a3c59e040e4809c8cef590,4,Quality Education,0.5345
UFTM_5f5501ab92a73adf343ee086d8e14719,2,Zero hunger,0.5018
UFTM_f0256ac5b27ddcd3a87ff3b7b14b11a5,16,"Peace, Justice and strong institutions",0.6013
UFTM_a5ee5d2ce5b655a991f753282f70276c,10,Reduced inequalities,0.6753
UFTM_cbd9587215925dfe44afdb2eda0ba6a2,3,Good health and well-being,0.8003
UFTM_ea85dd9927cbf25cc4009d8f7da5954a,3,Good health and well-being,0.7829
UFTM_0b76242958c64a724fe460943979f4c7,3,Good health and well-being,0.418
UFTM_ce9278f28b0a4c709da1e72553b1b188,4,Quality Education,0.787
UFTM_17fe5c41575bd46591633b4a0d0a3cd9,4,Quality Education,0.7796
UFTM_8f749f14ac5fd57bed572b385528c30b,4,Quality Education,0.4543
UFTM_e0a223de99d55e2e8360077adc3ddf9b,3,Good health and well-being,0.4294
UFTM_d911de7de5f59c8449384e34434f730f,3,Good health and well-being,0.5414
UFTM_7cc1bb02eb25413255977be8ffab1bbd,3,Good health and well-being,0.6178
UFTM_f04ae0749b5da49dbc0a1110845cd4cd,3,Good health and well-being,0.4366
UFTM_95eb2ee242fc111905d945ca16293561,3,Good health and well-being,0.5694
UFTM_3930f83b27569762ed26963ff9ddef63,3,Good health and well-being,0.7176
UFTM_5b4eff0461b4e03db7ebbcffb303089a,3,Good health and well-being,0.8151
UFTM_4480a2ca3389bd61b03ba7eaa4e39474,3,Good health and well-being,0.4211
UFTM_be991529c282a29e38a14fc61a13a00d,14,Life below water,0.6908
UFTM_3b1c9472930a3d0cf95554a9e7c0a87b,3,Good health and well-being,0.7347
UFTM_093402afc90cc357afe6be27cfcb7d34,3,Good health and well-being,0.6979
UFTM_d9e8330a0f74ce68ddd9c31da8fdab52,3,Good health and well-being,0.7238
UFTM_3bb1d60eaee7f0be98300189200ff416,14,Life below water,0.7714
UFTM_2bd2fb2e296f4f1751f0d9b62862364f,3,Good health and well-being,0.487
UFTM_2da6c60118de77ec7b8cafed3546fec5,3,Good health and well-being,0.8743
UFTM_a7eeb42b7bc1debc5a5f311a961aedfb,3,Good health and well-being,0.7236
UFTM_4dbf1366b4b5e6a16efd8c728b660d49,3,Good health and well-being,0.802
UFTM_a3162b62f6dfb4cb162535505da10e8e,3,Good health and well-being,0.6793
UFTM_5b87c5ec5ce9d501d4eb2ff6fe40d743,3,Good health and well-being,0.7707
UFTM_0d9fd1d6edfc61cace2e8a145a425da7,3,Good health and well-being,0.619
UFTM_ba9d4ad1caaedae1326a75fee670a626,4,Quality Education,0.6317
UFTM_5dc952a3512f20282decbf1ba205ffc0,3,Good health and well-being,0.6313
UFTM_c41fa16a91c6578de0dff9770b0f79c2,4,Quality Education,0.4443
UFTM_43b4ce562a71f1b24a3b23b5411a5b4a,4,Quality Education,0.558
UFTM_14751e9e84bf0b109053e65c089e7350,9,"Industry, innovation and infrastructure",0.4023
UFTM_0a0d0166b11db25f41a4e19bfe1a6d7c,16,"Peace, Justice and strong institutions",0.7156
UFTM_5079c2bc671390c26f7b9ad4248fe631,4,Quality Education,0.6881
UFTM_e76a63c968d76838c78257e669f64ee2,15,Life in Land,0.4096
UFTM_18a32efec0d5c8579b2b7b8ecaf51ab1,3,Good health and well-being,0.4019
UFTM_8473824ec79c23884362ae1a289b8b24,4,Quality Education,0.482
UFTM_5c535f0377a70f5adf71729b35938c7a,3,Good health and well-being,0.6708
UFTM_2b12c0beae92dc75ebbcc55fe0168adb,3,Good health and well-being,0.561
UFTM_20df8718480ff61cf11efbd3d0c0998b,4,Quality Education,0.4073
UFTM_bcac2e501ca01030d17bcde4b71803bf,3,Good health and well-being,0.8164
UFTM_a4eb7ab9292862e930694d20810e2d79,15,Life in Land,0.5119
UFTM_cae7bc445f4571b07afa1485928d5a28,4,Quality Education,0.5453
UFTM_1dd43c46fb3f0bf5da8ca02efc360b64,3,Good health and well-being,0.6075
UFTM_febb9f1d41f0ef5c49b64b848011aec3,10,Reduced inequalities,0.4804
UFTM_a9f97b70dfc3e48a83380a3f5c30d96c,16,"Peace, Justice and strong institutions",0.5692
UFTM_054ce569995c3f3c2e826024a7608d03,3,Good health and well-being,0.8054
UFTM_4ca356787c75159e4de0d750c0cfb1cd,1,No poverty,0.5311
UFTM_ca106f7a8db95e86952999fc45e7837b,3,Good health and well-being,0.7614
UFTM_915c2cd7fb814deadd48d2039fe71a52,4,Quality Education,0.8273
UFTM_6bbcd3c3f1ff62ccf7b69ff454ca0c5f,3,Good health and well-being,0.7816
UFTM_eb692fc38433ca75e3a1215557d7b542,3,Good health and well-being,0.4872
UFTM_0947e31572f2c48c5915a75ecfad7513,4,Quality Education,0.7206
UFTM_d6670acb59620723e275a33cac5a0ac2,16,"Peace, Justice and strong institutions",0.5187
UFTM_a99876cf4cce83ddcb4c2ebe20b965da,4,Quality Education,0.8147
UFTM_9e85ffe58c967282c5d2fb06c900075f,4,Quality Education,0.7264
UFTM_5725beb68cfdc47d31c4637392fd69e5,4,Quality Education,0.5775
UFTM_e898e84faf3987807bbcac83197e296f,4,Quality Education,0.7784
UFTM_b30cc43c5200e74ad42b62a3eeb475fa,3,Good health and well-being,0.7982
UFTM_e7b408610cdcbcb5a96a0b972dc568de,16,"Peace, Justice and strong institutions",0.5054
UFTM_68642dd619c87d0311472e3c1fbf7432,4,Quality Education,0.4014
UFTM_43c8f734c614a20e15264e6d5db0f806,3,Good health and well-being,0.743
UFTM_bffb84d951d985334d51b2c8f1c90902,5,Gender equality,0.4776
UFTM_e1ae015b8039a1506eae4b99ab2f67f4,3,Good health and well-being,0.8003
UFTM_410644c458b32736c48892de5af6fd36,3,Good health and well-being,0.744
UFTM_65f9584fa8d2a67f3cae7603a97cf2b3,3,Good health and well-being,0.7451
UFTM_dd3b9187074a11fffca55eba995a2c3a,3,Good health and well-being,0.5848
UFTM_fd05870d132aecff70f6aee31f3c7d78,4,Quality Education,0.4063
UFTM_963c8c7e78991c65ab61704c8dc28a05,17,Partnerships for the goals,0.4536
UFTM_faa5f803ab87f9cd9194a070a4a5ba7e,3,Good health and well-being,0.7992
UFTM_9c70268db4a28a39331bfa12315a6abe,6,Clean water and sanitation,0.7564
UFTM_99f202bc8bc064321bfec6df4dc313b9,16,"Peace, Justice and strong institutions",0.4305
UFTM_139530ee81504be726d3176fc22bc5ec,10,Reduced inequalities,0.6721
UFTM_264658029d4b538e9ec09f6d37a56729,3,Good health and well-being,0.4052
UFTM_264658029d4b538e9ec09f6d37a56729,4,Quality Education,0.43
UFTM_9aa6cc85680b77c8c0627c8ad880ecd6,3,Good health and well-being,0.4164
UFTM_f0644a95ff6fa5195ff1a07e8faa3137,4,Quality Education,0.5616
UFTM_667efc3b297da94f3906ff54ab70ac8e,3,Good health and well-being,0.6338
UFTM_69c80f1bce52c2bd291fe76e6f71edb0,3,Good health and well-being,0.8359
UFTM_788e42dc19f80eebd2833fa2632d2d3e,3,Good health and well-being,0.7291
UFTM_d7a0351000d3668a937c3007ce745731,3,Good health and well-being,0.5628
UFTM_d4c3ef94e76367fb6a5cc016cf368b47,3,Good health and well-being,0.8233
UFTM_5091da6bd71757eb2e11363f6b8ce614,3,Good health and well-being,0.7919
UFTM_9e8c9453dd994cc40bf7920dce3d6f42,4,Quality Education,0.5135
UFTM_1c17696c5bbdb4eb73aa7f9954ed3dfd,3,Good health and well-being,0.4196
UFTM_8bfaf4605d7c380aca65cdac1654339b,3,Good health and well-being,0.5746
UFTM_fd6cdd8696198e0cdb728da4d9548066,3,Good health and well-being,0.8195
UFTM_daae3237708806aed5bf54d481952185,3,Good health and well-being,0.7546
UFTM_bfdc09f71adf9572b0885508ca1ab280,3,Good health and well-being,0.7774
UFTM_56ec62e1225a7c04014b17ec8897c241,3,Good health and well-being,0.7842
UFTM_9f2965b893514f1e98f8c3ad43e417f0,3,Good health and well-being,0.6407
UFTM_ddc9c16ce664208ef8352fa5844ca6f4,3,Good health and well-being,0.6393
UFTM_4fb87a5f0e9d2451111b01879cecd5b7,4,Quality Education,0.7433
UFTM_7804c520bf587170b4373bc760ab7388,4,Quality Education,0.8483
UFTM_5d3f581c17d6b2443c89ed424f465100,4,Quality Education,0.8528
UFTM_32650ab34af5215555334a21c335d35c,4,Quality Education,0.7875
UFTM_fd6a43ade0cdbec97829f8db06498993,4,Quality Education,0.8567
UFTM_bb54f20c83086ec3ab5004830a1f8c2b,4,Quality Education,0.8277
UFTM_e566455935be2c7d8f2ec4db7d95a74b,4,Quality Education,0.5425
UFTM_2e19f179b4d4db0a680181e52276487e,4,Quality Education,0.844
UFTM_2bb8daf3b0b21fff72c213759b339a8c,4,Quality Education,0.5893
UFTM_dbc212871f6aacebca11040e3dd3902a,4,Quality Education,0.7775
UFTM_e2dbec8bca2a43f89b972e2afbbdffe7,10,Reduced inequalities,0.5513
UFTM_b250066ebe5da4b7fb8b2d5c0df483c8,3,Good health and well-being,0.4471
UFTM_81cd67649b6efb790bd0bc42cb7589a8,3,Good health and well-being,0.6179
UFTM_f9d362332e97e2bb1774001c12774c08,3,Good health and well-being,0.7771
UFTM_fc0ef48cbeefb3fb2468581ef3027511,3,Good health and well-being,0.7729
UFTM_e345bbf06ffb79edc50158658815db78,3,Good health and well-being,0.8259
UFTM_2c192c165c6342caa66f67254eb9a3a3,17,Partnerships for the goals,0.444
UFTM_567f5d39e529326f536b4b516c79f511,4,Quality Education,0.7069
UFTM_c47e310292e4ea2b70854ba245e23086,3,Good health and well-being,0.8101
UFTM_a489ff634e2fc5d74307fea6f355db0a,5,Gender equality,0.5697
UFTM_e0082e7111c378a498a28b9ff7fe892e,5,Gender equality,0.5887
UFTM_f4e3ea942f7c3a26bbdabf46de029fb6,3,Good health and well-being,0.7775
UFTM_5b239c28e66f41dc6aef48afc4495a2f,3,Good health and well-being,0.667
UFTM_80c22150c1727cd5a9ed41bf3608b837,3,Good health and well-being,0.7829
UFTM_57b276f625450650a8c82e30c1e8834d,4,Quality Education,0.4898
UFTM_d4ec356a98ad9003de26dad9484cf54c,6,Clean water and sanitation,0.711
UFTM_901de03d472e341ade935f6c04bbd7d1,3,Good health and well-being,0.7406
UFTM_bcb374205d415cb1ada37bf8c1b33aa3,7,Affordable and clean energy,0.567
UFTM_6599a66be6eaaa4e6f8608d5b8076057,3,Good health and well-being,0.8285
UFTM_40a5ebe80b5b0fef43630ee5fb2ef4d6,3,Good health and well-being,0.8515
UFTM_f1adc2f5ebe6578561cdd2964c3b2ae7,16,"Peace, Justice and strong institutions",0.467
UFTM_fe2b6764ae86e8b9250c5cc12a99d247,3,Good health and well-being,0.8637
UFTM_e19641005b5d64e8cb6e49cba0738842,3,Good health and well-being,0.7437
UFTM_900dbc7fe6dbb9cea9aff6b8b8bd8687,3,Good health and well-being,0.8172
UFTM_df08ee6212a3e0c4bfdf28f1a23370da,3,Good health and well-being,0.5547
UFTM_a4a18603ea87361169c9fe624a81e604,3,Good health and well-being,0.7458
UFTM_62c43023a37a5d814f57ff86de855f2d,4,Quality Education,0.4768
UFTM_a7f5b0f0296035e76e9cb77025c5663b,3,Good health and well-being,0.6553
UFTM_02bdea97c38b70dcf1ac8df1d9cac371,8,Decent work and economic growth,0.4969
UFTM_e1a734c7b1836da302adcb5955a23b4f,4,Quality Education,0.6075
UFTM_4f292c60a0806ab4fec04d30b7707892,4,Quality Education,0.5333
UFTM_1d7818f48e209bd637045895ff915736,3,Good health and well-being,0.7402
UFTM_ccd02c6ac763921d8e3cd358bce69ed0,4,Quality Education,0.4018
UFTM_e2b156788fc1a87b6774108a176ee366,3,Good health and well-being,0.8556
UFTM_cb0340fb83ea0e20926a544896cd64e7,4,Quality Education,0.8706
UFTM_07294106b6091f36aa42b56d7b5dd5d2,3,Good health and well-being,0.4395
UFTM_9e4c89d574d8490d654b0e28bb879e0d,4,Quality Education,0.5974
UFTM_0bf9718bf8f231da2616f6ca7a6c1999,4,Quality Education,0.7694
UFTM_30f6cfa1b68b42eaba06baac1ad83a8d,4,Quality Education,0.8557
UFTM_b65282367d682e272790324ebc97586d,6,Clean water and sanitation,0.4382
UFTM_2928bbfda478cb40a112a4f6db53e460,6,Clean water and sanitation,0.4032
UFTM_e6c4bfaa35c9fc18934f3e535f198a92,4,Quality Education,0.7504
UFTM_e1ba7785338d361d6c3a85c2474cb6a2,4,Quality Education,0.6484
UFTM_709de69d3dee9e5aee4b5c9e63c6355a,3,Good health and well-being,0.6625
UFTM_2ae73f1be469f0929d83c0c6899f6a70,3,Good health and well-being,0.4923
UFTM_049bc211688cb0fa7ab4db9181786b52,3,Good health and well-being,0.8482
UFTM_add2c8d915bbaa6ebb1c65e2cfaef242,3,Good health and well-being,0.8629
UFTM_7de6010a8e3786e2582b34d194a55657,5,Gender equality,0.5537
UFTM_2b5c9c4e43dee7eaa5416fd9b0367147,3,Good health and well-being,0.7902
UFTM_c51b2cd07a1c846afe4dfb9b3b47e3f6,3,Good health and well-being,0.6103
UFTM_eaeefc5153c4e4b14b0dfc9db1d00c8e,3,Good health and well-being,0.5335
UFTM_7a272caf7d23d53a056145320cffed68,4,Quality Education,0.5306
UFTM_7995dd52304db36e62a436605af8092c,3,Good health and well-being,0.4474
UFTM_2dcd494fdc9450110244877f331ab535,15,Life in Land,0.7065
UFTM_5c1f32c4170db7579ef6db3c8434d475,12,Responsible consumption and production,0.4545
UFTM_f79429e72a537ef814d90be00dd42e5d,3,Good health and well-being,0.6891
UFTM_40a67dfe0f950c1019468880e6446eef,3,Good health and well-being,0.7366
UFTM_965e39aa17f9a8713a20115c718c748c,16,"Peace, Justice and strong institutions",0.4934
UFTM_f4c0dacf2386abe1fcc8e3f209a50fb8,3,Good health and well-being,0.659
UFTM_68e8cad8a434543e94c49bea47278f1b,4,Quality Education,0.7562
UFTM_181b93d14265b9b6a5785aa4d8399b3d,4,Quality Education,0.8006
UFTM_b0ca55226a5eb42e5acd1ebf67e2db7b,3,Good health and well-being,0.5311
UFTM_df42ee01a186ee8f52fabacdf11e03b6,3,Good health and well-being,0.6857
UFTM_e860b0cc98d445466ea07e796bcbb51e,4,Quality Education,0.8707
UFTM_f2d75b1ada99ab07ecea8dd747af7b87,15,Life in Land,0.6688
UFTM_27a01950720c6a160d1a8ab693e8dca8,3,Good health and well-being,0.6837
UFTM_178edc2092c854e5c1e2422ace87aba0,11,Sustainable cities and communities,0.5324
UFTM_d676ba8b9e88bf241490cec367bdb312,2,Zero hunger,0.5044
UFTM_d2bd6deeeaeb06ff7fbfcf29abf9f344,4,Quality Education,0.4499
UFTM_8804cf2e63e3fa5f217e62ba128d60a3,4,Quality Education,0.7577
UFTM_0f4edb826ae91cb43e5bc14127d899ac,11,Sustainable cities and communities,0.4426
UFTM_d3b0cfcca688015ad961f8f29b002380,3,Good health and well-being,0.7949
UFTM_c04ed0c2e19da44d83598e6442b05e54,4,Quality Education,0.4357
UFTM_c33fdb2196953fe641f2641713d95c77,3,Good health and well-being,0.784
UFTM_19809d0110b62a0b07214b845dc6730e,4,Quality Education,0.879
UFTM_e13215eba42ea4cae79d00e2a8b917ff,16,"Peace, Justice and strong institutions",0.5178
UFTM_0f8cf6758089289ca30f1f04646166bd,4,Quality Education,0.8178
UFTM_486ab6c5e255ada1fe039aa5c79c02c6,4,Quality Education,0.8321
UFTM_463ed2acd8ceaafe6a8175b80ac30350,4,Quality Education,0.4955
UFTM_f277eed5b0cc10b0a2015f5e1af6ee53,4,Quality Education,0.7016
UFTM_a0bc81dda4dcf3f929bd34b27a9d0eb0,9,"Industry, innovation and infrastructure",0.4234
UFTM_01f49828960140d2ebee5bad3e2d9128,3,Good health and well-being,0.6921
UFTM_304d801bce12f6e45f0a5af10dafc4cc,5,Gender equality,0.458
UFTM_1694102b4e19bb4d37040337560e1e7b,3,Good health and well-being,0.5218
UFTM_b8decf6cf8a427502e1687bd48af2fdb,4,Quality Education,0.8342
UFTM_1a7f997fafb4fd980cc7277b039d2c08,4,Quality Education,0.6744
UFTM_85210d8afd34ce11c68165fc70ae0eb0,12,Responsible consumption and production,0.4184
UFTM_3fbb5a73013202c268074dd978efb9c3,4,Quality Education,0.8648
UFTM_5a17de78b52c41bbdc8c10d7b79432db,4,Quality Education,0.8221
UFTM_4b1f95c8ed5c506547b0dc4a897237dc,4,Quality Education,0.7698
UFTM_16d10eaee12d293f7b5b50bbec6b4d87,4,Quality Education,0.8352
UFTM_857beae727676a9d3cafd04e14c923df,3,Good health and well-being,0.4118
UFTM_bfcd5fc12cf8ab9831a625c2a774da87,10,Reduced inequalities,0.534
UFTM_bfcd5fc12cf8ab9831a625c2a774da87,16,"Peace, Justice and strong institutions",0.4187
UFTM_1659e3f67eb9fe7ad9ff492818d89d13,4,Quality Education,0.4844
UFTM_5b3309af91e3e86f2bc6ad7b6952640a,3,Good health and well-being,0.7856
UFTM_234bce1d623aeaab09a6bd69333bd567,16,"Peace, Justice and strong institutions",0.4834
UFTM_31c74a0f50aa697ce13f0f698ae59863,3,Good health and well-being,0.4328
UFTM_55c885f74f601a4fba7f9549b5cc885f,3,Good health and well-being,0.6195
UFTM_718c6437a7c7b0086e3d7639f962caae,3,Good health and well-being,0.6613
UFTM_f17dd64193e6ccf4a252b4b6478e640d,3,Good health and well-being,0.8596
UFTM_f1ec8344cfc4b4cef7fc87c5aea6f8ab,14,Life below water,0.4623
UFTM_b9c423d72b79b086c2f769d4a4217943,4,Quality Education,0.674
UFTM_00b88cc9d3b3b101f8bab85cdcff9460,4,Quality Education,0.8446
UFTM_42baa560e28a3fd88612f401bc0ea1af,4,Quality Education,0.6427
UFTM_ffd9f4cca88aaa9a564574a395a7bd6f,4,Quality Education,0.5095
UFTM_46670a5fb60db938b44533a132fcd337,6,Clean water and sanitation,0.488
UFTM_696b001e8c2a28e87dfcde62fb3bb2d1,3,Good health and well-being,0.7974
UFTM_68cb6563aaf6905ebf640617ea2dc6ec,3,Good health and well-being,0.7101
UFTM_7aa08de80f4228ec26e9a024649944ab,5,Gender equality,0.4995
UFTM_b11120a0f4798fc815bfa739b07c9544,3,Good health and well-being,0.7756
UFTM_015a26f0a5cd60870cfa6379daddc821,3,Good health and well-being,0.5872
UFTM_66e734cce16416a48b42afc8803d356b,3,Good health and well-being,0.8061
UFTM_4c1925f588272640a4efe78ed8fc36db,3,Good health and well-being,0.7289
UFTM_e1b01d007c6d147dac3f64e2fa5bc98e,3,Good health and well-being,0.475
UFTM_6f23cce296cd582227536ee3bc0b7f65,3,Good health and well-being,0.7473
UFTM_69501f3b503624df336d30165bc8977c,4,Quality Education,0.4227
UFTM_4607f46ff0a072d6ec958011138c35df,3,Good health and well-being,0.7118
UFTM_d96f5f6c2f20354be367ffe4e7b15fe4,3,Good health and well-being,0.5856
UFTM_94e751437223316b9d5a25c5b3aad1ca,3,Good health and well-being,0.4267
UFTM_9ffded38f5b2aa9ae2023795c25f7c41,7,Affordable and clean energy,0.6664
UFTM_97602369904ecbfc9a84aaa703a014f1,3,Good health and well-being,0.7853
UFTM_67da1cb7762b571a6d527a34fc356312,6,Clean water and sanitation,0.7941
UFTM_ae0759a313b6cb9cdaf915b725be5243,3,Good health and well-being,0.763
UFTM_703fd510b50a1947919ef8d4fa888ad0,7,Affordable and clean energy,0.8796
UFTM_bbc143770083fc6d337210b014c1ff72,3,Good health and well-being,0.732
UFTM_457f6a71e3cc36e494fe953fe3d05e6b,7,Affordable and clean energy,0.8769
UFTM_5f918039ad7718a297cc970d45d30df2,3,Good health and well-being,0.7331
UFTM_9465bb91ea4751f4a7b701d2d126753a,3,Good health and well-being,0.868
UFTM_69116533fa0536513f8ca3566d0dfab6,4,Quality Education,0.6132
UFTM_baf86c1db55a372ecad25fbd17bae738,3,Good health and well-being,0.5503
UFTM_77b8e3d4a79c8026575b607204ea1c1e,3,Good health and well-being,0.517
UFTM_223ee0e6fe9bde26b3f8d042b6245ca5,3,Good health and well-being,0.8327
UFTM_26621e3f10f50e234dfee282c65cf9c4,3,Good health and well-being,0.4015
UFTM_9dbdf9d3b2a5c18dbf1447a6501e2ef0,4,Quality Education,0.6671
UFTM_7e11cc36ccdfa1c8583cfc6e68ecd7a7,5,Gender equality,0.4711
UFTM_6325131743ddcd42cf5b165fcec5a292,4,Quality Education,0.784
UFTM_a3ef4dc89a980077bb83b891ec2de42b,12,Responsible consumption and production,0.4136
UFTM_95de4da278e6e7f554baf4193f830ee2,4,Quality Education,0.6858
UFTM_61b9f249647adce80b673d60d7062d07,3,Good health and well-being,0.8448
UFTM_5038fa200751aa270f87b917029a0eee,5,Gender equality,0.5613
UFTM_0dcb393253a3162ba7dc9a4ef812cc5e,3,Good health and well-being,0.8072
UFTM_9525b5778bf20596cab8beaa1797a228,3,Good health and well-being,0.5782
UFTM_549dbb70fdc90dece9ed9103c3b1b3d8,3,Good health and well-being,0.8138
UFTM_cfbc836d5f0a0be95f49c564d51a8a59,4,Quality Education,0.6862
UFTM_792cec98bb2589e7c3e64abe4f02662b,15,Life in Land,0.4968
UFTM_31cf993658b5bc87d34bfef7334c6f84,3,Good health and well-being,0.8258
UFTM_b2a471b04104ec72d5de62f4042b5319,3,Good health and well-being,0.7592
UFTM_f85d6dac8c65991aa554de5885726166,3,Good health and well-being,0.7673
UFTM_bcbaed682c162b95c7bc206dc0010bc6,3,Good health and well-being,0.6905
UFTM_0b8299ba62b1390da244f7b689fa38ef,3,Good health and well-being,0.4894
UFTM_fcbe674777a9cb6e249c325e3fffaa0f,4,Quality Education,0.706
UFTM_9d581b86e8ebd1f60ae8e5338d28ae38,3,Good health and well-being,0.6604
UFTM_c7c6337c79bc3fb9eded69427dd6129c,3,Good health and well-being,0.6035
UFTM_c425409d17be73620074d1931e7a157e,4,Quality Education,0.5667
UFTM_4a4fa937b784e9315b7d3f7e7b92ef59,6,Clean water and sanitation,0.5353
UFTM_eaf548471946473232ca8edcdb044e83,3,Good health and well-being,0.7312
UFTM_142c2563629d1f1b84ec62f6e98ddb8a,4,Quality Education,0.8636
UFTM_698b76ac816c76cd430a606703f1b155,3,Good health and well-being,0.6044
UFTM_7bda9599b27a911c36f0de333acfefac,3,Good health and well-being,0.7864
UFTM_e93da20b53057ae0b436a00cd660af9b,2,Zero hunger,0.8113
UFTM_0889c0d4b7bbc77d2a1d33ffcd2d3b5a,4,Quality Education,0.9018
UFTM_0b4f2fffeb7bcec5e1df625cd57bc81d,11,Sustainable cities and communities,0.7651
UFTM_ed231c416b166008a79b341ea00fa805,4,Quality Education,0.5476
UFTM_d4f50990e7481611ebc9295222288688,4,Quality Education,0.7174
UFTM_a965848b07e4dbb9575db001e620c28e,4,Quality Education,0.6455
UFTM_af7e37d8ffea9192970cd47f70edbe1f,3,Good health and well-being,0.7441
UFTM_ace0234fa22b6d6e99ed55bc2b7a56e7,3,Good health and well-being,0.7886
UFTM_90c596f3b3462375a961b1c40896a923,3,Good health and well-being,0.7214
UFTM_8a0a3bff699d95a528ed3571553169ec,3,Good health and well-being,0.7475
UFTM_8237680542ce637c876db2fdef1c83e8,3,Good health and well-being,0.8439
UFTM_3ef30bd89b35c0ab0e1e08b9c5f62a94,4,Quality Education,0.4518
UFTM_52cd1389ec1e510fee680c1241519593,4,Quality Education,0.5329
UFTM_81794caef2a01907db6684f672f796cd,4,Quality Education,0.8468
UFTM_0b1b3241223eb554573feea4d531c45f,4,Quality Education,0.8665
UFTM_42529ea6f8a0c70a3c8b544cc572d653,10,Reduced inequalities,0.5494
UFTM_4e35b0d494584f5f6594704e78afe2f7,4,Quality Education,0.8462
UFTM_a5f6b114bc918bd1dbbebc003c690dd3,3,Good health and well-being,0.8703
UFTM_4c5df2c5fb4289919672ebe928fdd158,9,"Industry, innovation and infrastructure",0.4019
UFTM_75fe835ecc4d3d7a41b9d7d9897a6664,3,Good health and well-being,0.6376
UFTM_3865f7262dbaed2ed4545b8ad107fb6a,15,Life in Land,0.7091
UFTM_6ff4607d40cb5cfdfb9aeed84623909f,15,Life in Land,0.4452
UFTM_d30e3e7257697f7ede0d954967d4a9bf,3,Good health and well-being,0.8282
UFTM_25760bd6b6fcfa51cf245eef946d516a,4,Quality Education,0.8247
UFTM_c820a3f2fcf4abf5b0c572ff71ffaea2,4,Quality Education,0.5857
UFTM_69e3f05b8b162e8b0d500ec1fcd1664a,15,Life in Land,0.5348
UFTM_2a1db3714df3586e7eab7918803f1c60,3,Good health and well-being,0.7034
UFTM_b62b40a179778fe3096ba3baef9d4831,3,Good health and well-being,0.6341
UFTM_10d5a6c7d364e94c86f5c95e2aca9b0f,7,Affordable and clean energy,0.7902
UFTM_cfeb4b0181d9389d0f76a3054fc16055,3,Good health and well-being,0.8028
UFTM_bfb22675f802d5ffa772dc4eee2621b4,4,Quality Education,0.9045
UFTM_750aef56ae85e26eb4eb271a4c503a47,17,Partnerships for the goals,0.4079
UFTM_ba0efa56052b4f2375b916065388580b,3,Good health and well-being,0.5532
UFTM_e168912ea00d66b25decbfc4cd96d88c,3,Good health and well-being,0.7878
UFTM_e19c029cb7b814f87f0fe70466b6fdbf,4,Quality Education,0.8928
UFTM_ff6621c5ace3c03331a6860e96441f48,4,Quality Education,0.5277
UFTM_b5469be426c06826ecd0b3fd91732f0a,16,"Peace, Justice and strong institutions",0.4119
UFTM_50292b3804f5668ba61943dac75e9d77,4,Quality Education,0.874
UFTM_7a481141c1e8046a700b776882646e6a,4,Quality Education,0.8392
UFTM_1aac698335b3eb7734e62475e08865b4,4,Quality Education,0.9101
UFTM_63a1ca78ab792d83ee573adce72bcdda,4,Quality Education,0.8652
UFTM_9caae3dc6292a90318098ee90ceb58ad,4,Quality Education,0.6154
UFTM_04476ef5545948b5e9f7b1a5d07243bc,3,Good health and well-being,0.7913
UFTM_4c932702cf967c1daafad4e50095c661,4,Quality Education,0.9003
UFTM_a9c3a80a59f390e1663e947a7927342f,4,Quality Education,0.9012
UFTM_039b6b1d1de02ae32b5a579a786fee3d,4,Quality Education,0.8344
UFTM_fc7005411b1fba991732fbc38099b732,3,Good health and well-being,0.7667
UFTM_d0b8e2b52d15ea60de3b20f1341699cb,1,No poverty,0.7092
UFTM_a62ab482dc20549fea910322c90ea5c5,3,Good health and well-being,0.4835
UFTM_6ac3a10af9f59f9db850b26357dca114,3,Good health and well-being,0.5488
UFTM_3c897536d61efd4a747778411de76112,4,Quality Education,0.9159
UFTM_5ed7f5b6370313506485591724962142,4,Quality Education,0.853
UFTM_2c36d7b5b220492d1dbb16999f68825d,1,No poverty,0.6393
UFTM_86822894144064a3b09d4e50924cf100,7,Affordable and clean energy,0.7239
UFTM_39b32ccb336add91906adb79636977f0,3,Good health and well-being,0.6051
UFTM_10a4dd5cfdea29f176306dc4591d52c7,3,Good health and well-being,0.7958
UFTM_87587dc4260feb8a9a7889e662157470,3,Good health and well-being,0.717
UFTM_d531cebcc43483bf0980d64edd7030a6,4,Quality Education,0.7872
UFTM_220dc818c9666c126acce01a50480b85,5,Gender equality,0.6045
UFTM_433df1ee0a645f62eebfb11776ebdce5,4,Quality Education,0.9061
UFTM_0d65c7d67e0fc8e8a06cd2978e79b115,3,Good health and well-being,0.5843
UFTM_633da366ee3b0cd9a05449856fa3abd1,8,Decent work and economic growth,0.5058
UFTM_628045ad77793df354748164b23e3db7,3,Good health and well-being,0.66
UFTM_fe194578ea27a83d6f5b0442d0c03126,3,Good health and well-being,0.6732
UFTM_ef194834418eb3206496195827fd9a99,4,Quality Education,0.6836
UFTM_f2c218689e10fff2ca268c4e910e0629,10,Reduced inequalities,0.6887
UFTM_780f237ecd8d80741ec6e2335d3e24b7,4,Quality Education,0.5281
UFTM_70d3adbeeff7b38173ae6f1aad29e7b9,3,Good health and well-being,0.8804
UFTM_843ce95c37e34180a458cf047aeef13e,1,No poverty,0.5663
UFTM_9259dcea562c4a182f317e5ba38224f4,3,Good health and well-being,0.7148
UFTM_00d4e6db0f54434c3023d9a814b8412b,3,Good health and well-being,0.8219
UFTM_b4a67b0090ca8d5988bfb023011c3c21,3,Good health and well-being,0.6842
UFTM_58bd1efc0a3bc3c1e26caebf0e175727,3,Good health and well-being,0.8656
UFTM_b9763a36044bd9cbc7226b5062ea5910,3,Good health and well-being,0.5095
UFTM_8d95d8330c6ff8431370263ea928cd39,3,Good health and well-being,0.8282
UFTM_97eb0c9ae183952aa09e27659d6d4803,3,Good health and well-being,0.5498
UFTM_f0aeea2b1b2a22b84d1b1734352d95a7,3,Good health and well-being,0.5808
UFTM_ff0420b4024985fba86cc9b41223ff23,3,Good health and well-being,0.5212
UFTM_f60065097be1be8b2805cfe5ca962945,3,Good health and well-being,0.8598
UFTM_53d48bf8e88591b2c567396752c4d16a,16,"Peace, Justice and strong institutions",0.5646
UFTM_29a71ac8161b2c620fe624a12b234b15,15,Life in Land,0.7349
UFTM_2b3e982c84c0fb365e6752061421b3b1,4,Quality Education,0.5356
UFTM_b1d8afb8dd538828dcc71b88f0fd6c66,4,Quality Education,0.5138
UFTM_4deea23432b275e3a6dcde0e8c4721d1,4,Quality Education,0.8962
UFTM_9f4681cae0cf8a882cbb8bde6044ee87,9,"Industry, innovation and infrastructure",0.4578
UFTM_0a3aaa4b203aa10a707150bf5806839e,4,Quality Education,0.8958
UFTM_e9ee51164ca7cd4a4f48eb37612a5a59,7,Affordable and clean energy,0.7404
UFTM_7956c79e1ba5b1c482d41cad46cfcbb9,4,Quality Education,0.8404
UFTM_690db9f1b2e8ef19ecc4ace4d0fcfd5b,3,Good health and well-being,0.8677
UFTM_24d76e2c3d81159d00e6133296988af3,3,Good health and well-being,0.8482
UFTM_f076edfe17c41cfa2428039b7885e885,11,Sustainable cities and communities,0.6672
UFTM_01354564b1f60c924b32fcb9e67f2dc8,3,Good health and well-being,0.7984
UFTM_8f74136d8b88f9d01f959e3e3a4dd80e,12,Responsible consumption and production,0.4238
UFTM_5ee94fd6d588e38d622a92ac1eeb1c53,10,Reduced inequalities,0.608
UFTM_135679f1883b1f8ef9533698095f18e3,3,Good health and well-being,0.8588
UFTM_40b70d53742ec324d17217c268b9c7c5,6,Clean water and sanitation,0.8064
UFTM_65d4b868ab6e0c6ab8261df1bbd7a53f,3,Good health and well-being,0.5769
UFTM_d4c8cf75aeab5711f7cac3f3eab5da33,2,Zero hunger,0.713
UFTM_0c39a9fc24dc2298841d6ec7ad083827,3,Good health and well-being,0.876
UFTM_c51568ffafc8c6f40db2acf7dc4cd0e6,6,Clean water and sanitation,0.8043
UFTM_8e63254b400886530be9bb8948be8d08,4,Quality Education,0.6653
UFTM_bfe9a527a6f92829bd43e612be77b728,3,Good health and well-being,0.8696
UFTM_110f62b22b5bd59b5878ab9932d65d6b,3,Good health and well-being,0.4294
UFTM_974051cf36721b8a65048df9b6e2a385,8,Decent work and economic growth,0.4235
UFTM_da9b2e8b566ff52f28192ee932cd9c56,7,Affordable and clean energy,0.8679
UFTM_d7ded086f7ac5cd8f908b4683ff49408,16,"Peace, Justice and strong institutions",0.4207
UFTM_f20c542d5b84a4eb3968632262bf3e2d,6,Clean water and sanitation,0.7708
UFTM_0cd8cdd5b2d618f0d01bbf4956cfc4c7,4,Quality Education,0.8553
UFTM_5b3afe7cb0ee14dc2f29dcd4e2eef593,16,"Peace, Justice and strong institutions",0.5488
UFTM_5db7db32afc1590b6e68a988fb09890e,4,Quality Education,0.7057
UFTM_62d682d708f67c6eb289987156c62cd6,16,"Peace, Justice and strong institutions",0.5655
UFTM_c0c398cdbd6a4e3a6869866d8a0958cc,9,"Industry, innovation and infrastructure",0.6098
UFTM_ddfd7799b299119ffeb3ed925402c1f2,7,Affordable and clean energy,0.7325
UFTM_bbe39a5e2a0d9aa082ae6e14b4246f5e,3,Good health and well-being,0.4852
UFTM_0f4e1ed61394a6b044c4f2660b9aec18,3,Good health and well-being,0.4792
UFTM_60b5eec7cbd07d9a8f1016dcd27b60a1,14,Life below water,0.4948
UFTM_e52e15739edb118a7c5190b86073e249,3,Good health and well-being,0.5526
UFTM_1380b8c82e19c0ca37d6f9d6cd23d0f2,4,Quality Education,0.5043
UFTM_0a743fdc102d1590d1fe0169a085abe0,9,"Industry, innovation and infrastructure",0.4446
UFTM_c4635fc39f2ee8f6d12c828b86eeac53,4,Quality Education,0.8147
UFTM_890818cc8adf89b64c89a37da19bbcc5,3,Good health and well-being,0.5453
UFTM_05bea38304c8c1cefcee2959f0ca59e4,1,No poverty,0.4511
UFTM_05bea38304c8c1cefcee2959f0ca59e4,8,Decent work and economic growth,0.4353
UFTM_574e0521e6d699cb9d142ac37df8721c,4,Quality Education,0.8936
UFTM_de8c84276043586794e0dd64203c09e9,6,Clean water and sanitation,0.4883
UFTM_c6b2c6c91bfafd1f1da4f901cdc533da,4,Quality Education,0.4828
UFTM_d9826e1d82e24f4888a380feeb7a6e12,3,Good health and well-being,0.869
UFTM_c849660f47ac1ab65255de91bdf284cc,4,Quality Education,0.6993
UFTM_adcde600e3a5decd99d0c3d75017dffb,3,Good health and well-being,0.4217
UFTM_374fc6d42545f0390904e4794814777e,16,"Peace, Justice and strong institutions",0.7776
UFTM_8beceada277574d11c789a2cf2e91081,4,Quality Education,0.5401
UFTM_c8e0906908fdbea7761be81f16eac0b8,4,Quality Education,0.5168
UFTM_283bcc9f5d17a33649f9b784b12214e1,4,Quality Education,0.7319
UFTM_d0d7dd9d23b15d58d8a462b75026301e,16,"Peace, Justice and strong institutions",0.6516
UFTM_e8d5d927805146a33c98691293d09b4b,10,Reduced inequalities,0.4906
UFTM_dd29787703c15fb7fbdcb0a6a30550de,4,Quality Education,0.9062
UFTM_a41f52bee2bd9729324ef3e06d7704c9,4,Quality Education,0.8177
UFTM_94aa0c5f9e7b4948ec3f974a97b57a84,3,Good health and well-being,0.5755
UFTM_28c455553a92607ca2a84d7bc7ee2fec,11,Sustainable cities and communities,0.8054
UFTM_af6f7e623fe45a1c5c09288a2f69a819,16,"Peace, Justice and strong institutions",0.5467
UFTM_841bd8e5a174cc0e9043c05fe186fa7d,9,"Industry, innovation and infrastructure",0.5285
UFTM_81cf24b5037a14f203c2a47025cc14ed,9,"Industry, innovation and infrastructure",0.5711
UFTM_c11a913dc0d39fd6548f2f9b81179b38,4,Quality Education,0.4961
UFTM_139c7b3725eb3872de9fba06d4691bc4,4,Quality Education,0.8509
UFTM_f6efcfc5cdc6311e92add581c0cad55d,4,Quality Education,0.91
UFTM_3efdaca21c4ab3e97123a4b565dee1cb,4,Quality Education,0.9065
UFTM_9151fcb2b88dbbab230e80879b87e2cc,4,Quality Education,0.7012
UFTM_1ab1b0249a96b25d805f2b53c96a2309,4,Quality Education,0.6067
UFTM_3325e0f66401608a4418f9f6e861b01d,3,Good health and well-being,0.5754
UFTM_e1441b0e769fa614aacd62a54f3630ee,4,Quality Education,0.4891
UFTM_d9c4dee1fda2b0ed348e386e9fa94b9b,4,Quality Education,0.5047
UFTM_5685554204ea339ce350993ac6508995,4,Quality Education,0.912
UFTM_0e32518fda883e16864d036f83552955,6,Clean water and sanitation,0.8476
UFTM_292c7db61f65818924ea72d22446d1c2,4,Quality Education,0.905
UFTM_08efe4b763ad18fc74ef900980cc4f2d,4,Quality Education,0.8788
UFTM_70d9331f3f4329e9ab1b84843aee3388,4,Quality Education,0.8684
UFTM_b6071c1f28935441c223991e3c16817b,4,Quality Education,0.4259
UFTM_23c8cd08531a55d4627a2166fb677890,4,Quality Education,0.5941
UFTM_9457d25d0d4218ab326623f1ea44e798,4,Quality Education,0.8649
UFTM_45a4da43d63dfe39658ee47e5fb67fe7,17,Partnerships for the goals,0.5174
UFTM_ba0d8f430394bd50f57245b871413e88,4,Quality Education,0.5488
UFTM_ee83370fa0d385e826401be30de172d6,4,Quality Education,0.4384
UFTM_1b2ba2d6adcd11cef104aafa8e1bbf78,4,Quality Education,0.7049
UFTM_0fbd2ad7decef2df42e19b3233d03352,4,Quality Education,0.4288
UFTM_db81dc349a7260c14c8ea4fa9b8dca97,3,Good health and well-being,0.8531
UFTM_00eddf8bd01dd43c2c3c6c173fdd004e,7,Affordable and clean energy,0.7036
UFTM_58313c901a817e4d8f81106260977eee,4,Quality Education,0.6402
UFTM_c9eb1fa64514413ae0ee3c60aaa082c4,3,Good health and well-being,0.7836
UFTM_5ba1f70aa6cb6f35abec4cd2aa45eca0,11,Sustainable cities and communities,0.5034
UFTM_cac6bba23ac76daaafb0cb3b10e9c869,16,"Peace, Justice and strong institutions",0.7852
UFTM_a68b3c9626212f4ee8b75b24b1eb2767,8,Decent work and economic growth,0.4367
UFTM_f65a415f7b541766ebe933d2fefaa5eb,4,Quality Education,0.8326
UFTM_4fe608bfba445107d83aa038d7d77309,9,"Industry, innovation and infrastructure",0.41
UFTM_4fe608bfba445107d83aa038d7d77309,12,Responsible consumption and production,0.4135
UFTM_01ccd59384b946296d29210fb96876db,12,Responsible consumption and production,0.5262
UFTM_1fd208825703238a3e30e1ed6f28e19d,4,Quality Education,0.6573
UFTM_1a25c5f4d028f9d7089f0f58dbdc003e,15,Life in Land,0.4286
UFTM_32b326101f763ebdd228ce4da7e98624,11,Sustainable cities and communities,0.7
UFTM_c91a418896942829b3fe75e3d6034db0,12,Responsible consumption and production,0.5808
UFTM_561faf59c38036414d6f49097c0b08b7,6,Clean water and sanitation,0.8457
UFTM_7e5eb585679c56de5a7a7a2d3c8d625e,5,Gender equality,0.6926
UFTM_79087da685b43df4032c1f46c3c047d3,3,Good health and well-being,0.8844
UFTM_ca73fe4bd052c822459c152246ccf8df,2,Zero hunger,0.5789
UFTM_d3da6ffed2947f15abdb75dae744d500,7,Affordable and clean energy,0.48
UFTM_045a1538a817a73c0c2178251a3d768e,3,Good health and well-being,0.5397
UFTM_0a0cd9fa2528802d9ecbc2c2c2955838,3,Good health and well-being,0.5793
UFTM_36bb50f136231e1f9031d1977b1ce262,4,Quality Education,0.7062
UFTM_558101e8ce885828a940606c2b49822d,4,Quality Education,0.6923
UFTM_7f6aa162e5abb75915eb340b3f13a08e,4,Quality Education,0.8688
UFTM_bc1d60b2b31347a539afb2216cdc5a8c,4,Quality Education,0.8845
UFTM_6c8e202effe0af46d5fc84f4163c0b33,4,Quality Education,0.6055
UFTM_f7b9971055f422aa05f139311b9be342,6,Clean water and sanitation,0.8338
UFTM_e166a14d0a70a22a0aabf623bdcec715,17,Partnerships for the goals,0.4767
UFTM_7b66d4fadff02382a082804033edc52e,3,Good health and well-being,0.8388
UFTM_70713fef34e98f2e393ae08b77b13b18,9,"Industry, innovation and infrastructure",0.4559
UFTM_41c6293beb6ed0823758cf024f39ab23,4,Quality Education,0.4513
UFTM_b1d2c6127857a48dc9a5466f6858eb19,4,Quality Education,0.8168
UFTM_2f99ce7b660dec0ca09a041731b7fc8e,4,Quality Education,0.51
UFTM_b03ba7f8f2478f8461e132d48e2a5f9e,3,Good health and well-being,0.8293
UFTM_9dd88482cc12aacac205808afd22d3df,3,Good health and well-being,0.8261
UFTM_c5c5c56ce72b6186013224573c0023eb,1,No poverty,0.6798
UFTM_728124dfec145e022bb744393ec45446,3,Good health and well-being,0.8883
UFTM_f6e68599fd6294f4e221e8d69205b309,10,Reduced inequalities,0.8142
UFTM_eb6d9fcab55c36ab6c235d7887506eeb,3,Good health and well-being,0.8327
UFTM_6f6f10d669a8453d4368aebd14ed336e,3,Good health and well-being,0.8421
UFTM_3b0dd5d2a2cb23fcb1ce57d47f4103a1,3,Good health and well-being,0.6475
UFTM_86b274cc531f7f05705931602eea8386,3,Good health and well-being,0.847
UFTM_574de2f53e920e46d577625db301ef47,3,Good health and well-being,0.7947
UFTM_d73275344930293bd0df27c50efc5e5a,6,Clean water and sanitation,0.7888
UFTM_fbce0d6f7685a60124fa248bf1d85980,3,Good health and well-being,0.7287
UFTM_2442317e4c7765067a50ca2360a2c260,3,Good health and well-being,0.8058
UFTM_729e326f37247747089324f630dea83f,3,Good health and well-being,0.4446
UFTM_d05b27f5cc478f4aa756c644c40eb404,3,Good health and well-being,0.86
UFTM_9b8abb36fabf3ef2cd3843627c943add,4,Quality Education,0.7
UFTM_362eb4a485911a7539b62e141b0e8a97,4,Quality Education,0.8928
UFTM_da6a56a22ae2c6dee2cb483b365f5340,4,Quality Education,0.7541
UFTM_3e0093d00aad988e6b93928cb270368b,16,"Peace, Justice and strong institutions",0.6082
UFTM_be83a6c18251aeb30653c4b26e48adb0,4,Quality Education,0.894
UFTM_dd0ec63437f9d065a86fae00d8966484,4,Quality Education,0.5741
UFTM_d634a429204ca8e4d27a290e33f94a1c,4,Quality Education,0.6551
UFTM_bcbd4add1a6b8d183e60bbaf22a0c1f5,4,Quality Education,0.8536
UFTM_e91106608a144e6aea2a09b69893e015,4,Quality Education,0.9121
UFTM_1f4509029494a331c8f3b01896fcc3ec,10,Reduced inequalities,0.8058
UFTM_41ecc48fc9bceef9edb91958ef809873,11,Sustainable cities and communities,0.6249
UFTM_5a14ac9d53f57baf91a98e49662c0fcb,9,"Industry, innovation and infrastructure",0.4646
UFTM_44b46e7e26ba7f2e67e59165d8230059,5,Gender equality,0.7614
UFTM_46361b9a3f80c4aca46b798de910e0c1,4,Quality Education,0.8655
UFTM_3d6653e6ced4dca922dde57f4e85f983,2,Zero hunger,0.5028
UFTM_a297c7fd400032e7c29af75dca342b6c,4,Quality Education,0.4562
UFTM_7a1638a1bc5f9be8eed98b7b06b11432,3,Good health and well-being,0.4546
UFTM_d2d712f8974c7c161212ee7ecb76447f,3,Good health and well-being,0.7902
UFTM_3b06132b05832e549a1a3e68b7352149,9,"Industry, innovation and infrastructure",0.678
UFTM_2d9175e4ac49332109234c362353d726,11,Sustainable cities and communities,0.5269
UFTM_2d9175e4ac49332109234c362353d726,15,Life in Land,0.4024
UFTM_78b3531c41357d4a1ce4c4600c12e3da,12,Responsible consumption and production,0.4781
UFTM_85dc6275e04622a606b3fcd94b2542a0,9,"Industry, innovation and infrastructure",0.457
UFTM_bde2b948793b61c50db1d8bc6b3f11c5,4,Quality Education,0.602
UFTM_343e0c1cfcf8774868226fe297dba376,4,Quality Education,0.4571
UFTM_1ba5818b64d7cea882bd19b65931ae51,5,Gender equality,0.5771
UFTM_2ef9bea99a6ce01abab3d63bef5b080b,4,Quality Education,0.8391
UFTM_18301f71c427f94f28d0f2b815752419,3,Good health and well-being,0.6837
UFTM_24484c7b2cf319773c7192a7e9a190f1,9,"Industry, innovation and infrastructure",0.603
UFTM_73bfb7f927f6a0f8b0f4d4f26451d612,3,Good health and well-being,0.8301
UFTM_3d27ea31d2bfed8d5302242e1326880e,3,Good health and well-being,0.8335
UFTM_13d8093e44dc02de00fc5f3433f56a4e,3,Good health and well-being,0.5281
UFTM_35c65660c2faaa41a10d670aaaa59e74,6,Clean water and sanitation,0.4009
UFTM_35c65660c2faaa41a10d670aaaa59e74,15,Life in Land,0.503
UFTM_16f7d0405eda38e3b40d1146c90a2cef,17,Partnerships for the goals,0.4077
UFTM_25349aa6ac85c51f23c915634d696738,3,Good health and well-being,0.6151
UFTM_dfb9b284e08d9415d87056d21f82ba15,3,Good health and well-being,0.8019
UFTM_798bdefe2dce7ee473a4243a20d859f7,3,Good health and well-being,0.8395
UFTM_be2d4acdf2d28c87eeeb8d91e7e1a20f,2,Zero hunger,0.7098
UFTM_b06d66e14db8df3d83fba0526c7efd37,4,Quality Education,0.4814
UFTM_1913128ac3202e982809795fb3bc2216,12,Responsible consumption and production,0.4778
UFTM_ec64a240e27664cabce072964e0db72d,15,Life in Land,0.5096
UFTM_e87a0ecd99c89de075c0e993ccff666e,11,Sustainable cities and communities,0.7832
UFTM_28f12237329b9f0e502b0eb40b4d7044,13,Climate action,0.7152
UFTM_f986010238ffb16ac1f1e89059271e8f,8,Decent work and economic growth,0.6498
UFTM_8aa9f13bd7edc13960f33a1540782bd7,6,Clean water and sanitation,0.6538
UFTM_d5f39524a3287286f4436c4e80e18ea7,4,Quality Education,0.6384
UFTM_307e56a4eb74df9057c422133f66959e,3,Good health and well-being,0.6556
UFTM_f9eb559afed07e4192eedb17ce85dfdb,3,Good health and well-being,0.6556
UFTM_5605626e1e90149bffae7ac2d275981b,4,Quality Education,0.8141
UFTM_c3cdb3addc4470acc807360415ce0d3c,3,Good health and well-being,0.5787
UFTM_bef7b2779d1e8041f3a17df9604a75e1,1,No poverty,0.4413
UFTM_92f6d0b16ad08e7581e207306e5906d8,4,Quality Education,0.4469
UFTM_919173afc4f5b69cd4fa04a6d297add1,4,Quality Education,0.7357
UFTM_f0b4cd18111ccac01fca30bc0d56b1c2,16,"Peace, Justice and strong institutions",0.4408
UFTM_166392c7d40763bd3bd1728266ab9ca6,16,"Peace, Justice and strong institutions",0.7459
UFTM_c9193c06a615b48ebbdb46d761a0b662,16,"Peace, Justice and strong institutions",0.7698
UFTM_a5ffedaadf9697043781bcd020e50f62,3,Good health and well-being,0.7718
UFTM_84b889cc6a950c7d6e50859c65a1ab64,3,Good health and well-being,0.5244
UFTM_f89bec51ab2a358e00dd02fd29229c3f,3,Good health and well-being,0.8037
UFTM_25f20b4820f84f084daa89c662fba6ce,3,Good health and well-being,0.5839
UFTM_7310adfc1a70fe7d76ac51e790125a26,2,Zero hunger,0.6628
UFTM_de961e64225ff83e8aa00c6aed6697d3,6,Clean water and sanitation,0.8514
UFTM_7cd9f6744d8be40b2a821a61ec023d82,3,Good health and well-being,0.8218
UFTM_5874d1eae58eef5eca26f20680264f57,4,Quality Education,0.4475
UFTM_581c3aa720c23efdd9d6ec9a44778751,3,Good health and well-being,0.5703
UFTM_b342ce59c9bbcd18bfcf83601ccc8986,3,Good health and well-being,0.8798
UFTM_5957f69f733cccc3ea618a5b481e823a,3,Good health and well-being,0.8034
UFTM_257a693153eb3f876eca8fff36902f80,3,Good health and well-being,0.85
UFTM_204b9b317f8dda4523bf007f4a892eab,3,Good health and well-being,0.4651
UFTM_cdfd40e8918970fbe210ead60bb083cd,3,Good health and well-being,0.8626
UFTM_2e60521487d6a0a267358c4d347ca434,4,Quality Education,0.6405
UFTM_5a6c66e81129167a6eeae755a1de9b66,4,Quality Education,0.7452
UFTM_87f137870abe8d1d6c6e756aa2caa22f,14,Life below water,0.8707
UFTM_0091457b6ee68b97973f2b18d986de86,7,Affordable and clean energy,0.4316
UFTM_122eb687fa14ca0f6d1890be6dba810b,3,Good health and well-being,0.4259
UFTM_7adfb6a519b070494af05161283b0ffd,7,Affordable and clean energy,0.8972
UFTM_52db8e381384a64e63ea4aee2a848bb3,3,Good health and well-being,0.7922
UFTM_e363f9a63d3434f84de165ef1ef4bc21,7,Affordable and clean energy,0.5176
UFTM_47b94d71de6ead98ce336d1b768d2952,6,Clean water and sanitation,0.5205
UFTM_3bc89008272aaa1c7484cd6e16bf410e,4,Quality Education,0.9097
UFTM_aea02cf4c7194630e0eeeef958acf458,4,Quality Education,0.801
UFTM_fb80eeebb1c1fe7bb2f4720185b22ec6,3,Good health and well-being,0.8563
UFTM_be25ad94b8666bff429e77d1d50915ae,3,Good health and well-being,0.7887
UFTM_8febeb858a47519ab554f66d79ffa82e,6,Clean water and sanitation,0.6596
UFTM_f3e1f9fdfb419673ad7ac072469c3ad4,4,Quality Education,0.4457
UFTM_76e678d9f2536e8b08fffb1d524eb405,3,Good health and well-being,0.6481
UFTM_30fb33bf921d5ea201d6e5e18069784c,9,"Industry, innovation and infrastructure",0.5313
UFTM_0952456a8e6f4c0d97597bfe046de275,9,"Industry, innovation and infrastructure",0.565
UFTM_29b55e7673b5ccbd37d419abdfcd6e81,4,Quality Education,0.7237
UFTM_6a0dd2f592a61cef69796d6251bf4a1b,4,Quality Education,0.9114
UFTM_be5b8a7a36472ed9a1c8ab6e4204a873,4,Quality Education,0.5717
UFTM_c84fd6d5629414eed6138345ab854f17,4,Quality Education,0.6367
UFTM_5d1128575527f14a60c92669ba1b14dd,3,Good health and well-being,0.5455
UFTM_c80a1ecdde9ef4dfabb7ac0591a3a38f,17,Partnerships for the goals,0.4422
UFTM_af4e8981f9eaab6717b671fc3b44ea70,2,Zero hunger,0.816
UFTM_e34c4d0fcebaff6c23d103088ce699e2,4,Quality Education,0.8923
UFTM_5f3e0e4419c9a1372f6d4666f18ed4af,3,Good health and well-being,0.5363
UFTM_8d7eab7a21b40f0227b783d920dacba2,4,Quality Education,0.8656
UFTM_55fff47c637d17aaa786bb3e5f51a17c,4,Quality Education,0.6655
UFTM_a81104ac92ffdd1450be2705912cb151,4,Quality Education,0.4927
UFTM_c57d1f949c861bf1f43d1e4e346ef361,10,Reduced inequalities,0.663
UFTM_b510efecfa17df853b785c917b9bc9b9,3,Good health and well-being,0.8511
UFTM_9cb286e52129f0d661beab7a3d87cfb7,3,Good health and well-being,0.7586
UFTM_f117b11458fddbd77021b41812bad156,3,Good health and well-being,0.8872
UFTM_4fb14b2216af7d63c7c3e4c98819d0d6,3,Good health and well-being,0.8086
UFTM_d94751a45c6a1d4bebe2be6efc08332b,15,Life in Land,0.4388
UFTM_2fa7e025e9d82a7451faaf3cc0e222fa,5,Gender equality,0.5152
UFTM_3bb1759bb659c33f5184a6dec1f5f28c,3,Good health and well-being,0.8119
UFTM_65237e7454c1c23de66d161502af9c78,3,Good health and well-being,0.5186
UFTM_9162eb07fec615b4d5e1f516901996a5,3,Good health and well-being,0.8369
UFTM_46d787935abca76e7343540a58c30156,2,Zero hunger,0.7566
UFTM_5f7520908b4059b8ec6c95d969b44008,3,Good health and well-being,0.4686
UFTM_56ae3200b39bd175b83545fb662f78c8,10,Reduced inequalities,0.554
UFTM_db66a667aa8e1d83739225121dc6845f,4,Quality Education,0.6852
UFTM_e0d53cf3d28a64d475bc2b42222fb939,16,"Peace, Justice and strong institutions",0.7367
UFTM_1bf93f76b7fbc6b75433c9640e9b49a5,2,Zero hunger,0.49
UFTM_11eb27d41df86557cc8ec8fcb71a4b8a,16,"Peace, Justice and strong institutions",0.6546
UFTM_84e67e0e99d899212079a9f3646c18dc,4,Quality Education,0.5237
UFTM_4dbd6a7073ef73e30bc39927d390e668,1,No poverty,0.423
UFTM_b91e3477cdadf972f1f050cbc80a39a7,17,Partnerships for the goals,0.4544
UFTM_2eae7a604a5ed729baa5bbefd742ea7c,11,Sustainable cities and communities,0.4427
UFTM_95b84376598990a432b8503024d33e78,5,Gender equality,0.6549
UFTM_dcc9b04ca51037deb9ea4fdb12d07489,6,Clean water and sanitation,0.8733
UFTM_76e25912d717251b2cf2c16e53e4a428,6,Clean water and sanitation,0.4424
UFTM_7b82c0b043ac7e9b279c2b4d6f7fc6d7,10,Reduced inequalities,0.823
UFTM_5e450033882e242307bc7cfc37d3f70f,4,Quality Education,0.9031
UFTM_1fa56cd0c137ad771730705cdd83bef8,3,Good health and well-being,0.5029
UFTM_86b9122b56fff7f5a912d22e02ff7416,3,Good health and well-being,0.7203
UFTM_65997fbf812123a3d975592e706a2343,5,Gender equality,0.5318
UFTM_e8a923e2144ece0b0b1dc4de9ccef094,7,Affordable and clean energy,0.6552
UFTM_edd1b51caa6c3c992d504e6f5c3a7f22,5,Gender equality,0.5052
UFTM_48f1eb6812375e6c74c749fa66af48c6,9,"Industry, innovation and infrastructure",0.5995
UFTM_27ae69d61b7e3b0ec422b604e46e8edd,4,Quality Education,0.5841
UFTM_1aba07ab1b3825ce58e2ed6150617fd2,6,Clean water and sanitation,0.7815
UFTM_e422ddc459bb2dac6a631417c1570fb1,12,Responsible consumption and production,0.5392
UFTM_d3c58e1781a2691b544940c62dfd0926,6,Clean water and sanitation,0.5306
UFTM_ef81fa0c6364b4803a52d545f197e6fd,4,Quality Education,0.8606
UFTM_e0e73ddb76669ff273640ed0c9a9d2c4,4,Quality Education,0.8871
UFTM_51e145ee35fa8a234cd053061b1317da,4,Quality Education,0.8443
UFTM_cbbbc74bb44a0cb88cd67e42c95acfb1,3,Good health and well-being,0.7683
UFTM_623218ec435bd09258d52e4edeb2bbc8,3,Good health and well-being,0.8031
UFTM_57a9df7fab626ace231640d470031682,3,Good health and well-being,0.4911
UFTM_f1ca189272c6b05951407686bb52ef59,3,Good health and well-being,0.8585
UFTM_a122a267d5611ef4108e4bea2955b9e2,3,Good health and well-being,0.8072
UFTM_255573dbd5ba910157a3cd191c89a8a5,3,Good health and well-being,0.7889
UFTM_b2581d2579547eb7eeec29e975080700,3,Good health and well-being,0.7335
UFTM_7e0d8f5d837a5a97a46024134952ad1f,3,Good health and well-being,0.8889
UFTM_d2d63fdbfb919fbfe4366b4b580d2e35,3,Good health and well-being,0.8392
UFTM_ec20e6401ac5e9c631dda14654408ba8,3,Good health and well-being,0.493
UFTM_dd372fd8b206ea66d3e7a6c8ce0f9a32,2,Zero hunger,0.744
UFTM_5dc8ba5d203f50b64796fcd6c7ff1cfd,11,Sustainable cities and communities,0.7543
UFTM_47ffb11aa139b7018d42ec9028106056,3,Good health and well-being,0.8329
UFTM_a1c008ee3f990e21c90c956bd65fff40,3,Good health and well-being,0.6126
UFTM_a1903078fd3476f72704a3fa5383240c,3,Good health and well-being,0.7908
UFTM_ea13434075df4f6e51bfb6f72d331368,1,No poverty,0.4114
UFTM_ea13434075df4f6e51bfb6f72d331368,8,Decent work and economic growth,0.4424
UFTM_e7746ced4a586ab13a3b6735169a072d,4,Quality Education,0.4407
UFTM_63c71868e7096bb8c98bc2d7af3ae77e,11,Sustainable cities and communities,0.623
UFTM_3a52e083a2ccfdb35267797a3b2be3f5,3,Good health and well-being,0.5548
UFTM_91db5fdbd20788661ac5b679e6c8abeb,4,Quality Education,0.6039
UFTM_f3742d84286dbeaf12a825bbdc313317,15,Life in Land,0.4675
UFTM_76594cac6b306090a9d8ef2b7f521df8,11,Sustainable cities and communities,0.5181
UFTM_5de2e29a25480ebe74dac37a4f49a9e1,4,Quality Education,0.7502
UFTM_bc3ffd830c7b4b7d1ba34b397181ad5d,4,Quality Education,0.5674
UFTM_2b9a4c51aa398a9589d509636c942fcf,5,Gender equality,0.4171
UFTM_03dae94f704be6f451c78ab692c7391e,1,No poverty,0.4529
UFTM_ed57986546809a9cb3329c43ba1746a2,3,Good health and well-being,0.8754
UFTM_307771e0c8e3488a3488cc26576a6838,5,Gender equality,0.5571
UFTM_80884ba86c006c9ae16c1348c379ae05,17,Partnerships for the goals,0.5221
UFTM_9a397eaf8fea0ff9c8e546f865d44f3f,17,Partnerships for the goals,0.4623
UFTM_678eab2980b4958fde3d9cf244fcd4a3,3,Good health and well-being,0.8324
UFTM_b93009f4c23bedb959499be621151912,10,Reduced inequalities,0.6526
UFTM_592a0228ebffa9e52e199d695d5ceffb,3,Good health and well-being,0.8521
UFTM_59a425b1782aa8b26ef6accec4404d12,3,Good health and well-being,0.8483
UFTM_4f2ad24ba34002dfa28cc6197684cd27,3,Good health and well-being,0.4328
UFTM_a72ac7f81d02e604c432cc4457124a24,4,Quality Education,0.8795
UFTM_9b66c77c7d81dd89d8b4247e9f77bb57,4,Quality Education,0.9036
UFTM_c75839c36c3e82f215b0e296fe70bb64,8,Decent work and economic growth,0.588
UFTM_dc17d5310544aee4d0d3a419421b1a07,3,Good health and well-being,0.5895
UFTM_1abc7a9c459cd1c81a1c81e3cb3f5020,1,No poverty,0.6451
UFTM_210db92219b4e506c274db64cefc9033,3,Good health and well-being,0.7373
UFTM_faedd0caa66e3f355ff4e851c2dad7fc,2,Zero hunger,0.7282
UFTM_5dc2d7c06276c10179f83626edead0f0,3,Good health and well-being,0.8242
UFTM_cd240707bcb6b8cb4fe22efd92e45cbb,3,Good health and well-being,0.8314
UFTM_2cc260bcfd4450f823f84df5c0ea4815,3,Good health and well-being,0.5367
UFTM_b617062af935eb0039532c2c3febf280,3,Good health and well-being,0.7186
UFTM_d34f1844aa6c5acf93050124a2a37e4b,3,Good health and well-being,0.8693
UFTM_12b79c40db780d436cadbeb04db46a88,4,Quality Education,0.9155
UFTM_d6820c7bf647bd52aa8aa6722600156b,4,Quality Education,0.7813
UFTM_c7d3b8c6e3db34781762c7122d53c8ef,3,Good health and well-being,0.5263
UFTM_1df0f063ff0f32b0ce700cb6ec388c24,6,Clean water and sanitation,0.4329
UFTM_aabf9310c2cdf35fb9a933378fa535e5,15,Life in Land,0.4346
UFTM_1bf1fa0444e003a2f9aab67379d3a15f,4,Quality Education,0.6818
UFTM_842effcdc31b636e8fe3e6ad6792d96e,3,Good health and well-being,0.592
UFTM_44086f009e5f114aee10a7f7839836a0,7,Affordable and clean energy,0.7902
UFTM_26c883e4ddf14500641de5ec79bed8b2,1,No poverty,0.49
UFTM_3ff8f8ca8c8501d5d55425abf39eb5dd,3,Good health and well-being,0.7061
UFTM_80fecb109567d5249df56f43bd213682,3,Good health and well-being,0.839
UFTM_c28f9b2cb215972ca1a30582385dd9eb,14,Life below water,0.8186
UFTM_9412df536547111473cf5f30b43d2372,2,Zero hunger,0.8089
UFTM_3c85dcf60341d1dc514fea9e6bbcf582,4,Quality Education,0.7701
UFTM_28fb0ec874d588d3474a258f7037dc1e,2,Zero hunger,0.7849
UFTM_19dea89ec553cc8af50677f642ec5def,4,Quality Education,0.9016
UFTM_703cd573c8767f92ae923741724d431e,3,Good health and well-being,0.7729
UFTM_cbf1fadd4d698dfcb0a026d3f07da80d,3,Good health and well-being,0.8279
UFTM_42adb0deec9be2fd228caef79105a65f,3,Good health and well-being,0.5311
UFTM_84ee2e1d7549d80c3e52d0a85e647d4e,3,Good health and well-being,0.7547
UFTM_1d87be2e6a2b60bd4d6e4df735147cae,5,Gender equality,0.7345
UFTM_7d3f341f89c94f70f20a84415eed442a,8,Decent work and economic growth,0.5173
UFTM_9bfeacc1e88426294e61e85a48ff957b,6,Clean water and sanitation,0.4942
UFTM_27082f2edd582f1938ec1579ee796de5,4,Quality Education,0.7179
UFTM_a32aac85291e6ea2a8215fb45dbd3fb0,4,Quality Education,0.8488
UFTM_317e3f6709579fd3eaaab0cfe637fa4a,17,Partnerships for the goals,0.5404
UFTM_eb8490d6ce6a8d221cb2590359d81c1e,12,Responsible consumption and production,0.5028
UFTM_36f3198c2783fb1ba0f2adaab174deac,3,Good health and well-being,0.8493
UFTM_d8a19b336fde1c1bbd5988b85761a15b,11,Sustainable cities and communities,0.6128
UFTM_ea3160b8551c619e8141bdb0a375db51,3,Good health and well-being,0.8444
UFTM_b9296e50ee86100c2aefaedf7d8feac1,6,Clean water and sanitation,0.4188
UFTM_b9296e50ee86100c2aefaedf7d8feac1,14,Life below water,0.5298
UFTM_835e071b6a881413aa5ef7a0406f5c83,3,Good health and well-being,0.8771
UFTM_2469000ad4cb0c62cb67bdc469c813ea,15,Life in Land,0.6862
UFTM_7ab86b929e30d03318b56a69d3852212,9,"Industry, innovation and infrastructure",0.6536
UFTM_39215b2ad14c79f84ce0dd989d4e3367,4,Quality Education,0.63
UFTM_93cca4f2e57027d48f9ec8fbac0ff064,4,Quality Education,0.6987
UFTM_03ef41bcce6d5964e5075462823d9982,2,Zero hunger,0.588
UFTM_4dbc6b6b79c1b31af2153efb908b16ff,4,Quality Education,0.4798
UFTM_1099b18fe380aa45acfe66ecbb7b8f94,8,Decent work and economic growth,0.555
UFTM_37a6c7b2c55b0cd827fae9d53a858124,4,Quality Education,0.6239
UFTM_fa769a2532685cf947e16976c568066c,3,Good health and well-being,0.5002
UFTM_899857091cff0f60d9fb302a1ccedb3c,3,Good health and well-being,0.4586
UFTM_f0df6176fd86e3991b8c94894ae772ab,3,Good health and well-being,0.4071
UFTM_10f89eb11b552e0408994843c45d2fd8,1,No poverty,0.6053
UFTM_021eaffdf6b741298ce5e20caad919ae,4,Quality Education,0.477
UFTM_b7561e4692122b22ee87b0ca65385e6c,10,Reduced inequalities,0.5905
UFTM_04a015e8b65f27f3d2c67d362ea06a10,3,Good health and well-being,0.7843
UFTM_12d0bd43bd45ff5c28c981ba8c88f386,3,Good health and well-being,0.8301
UFTM_2901b32545e6c760087414e9c41e4499,10,Reduced inequalities,0.6107
UFTM_3e56c087a15ce7f90b56539707eefa39,16,"Peace, Justice and strong institutions",0.5596
UFTM_3919d050b15f4c8f5227b05dc443a17e,3,Good health and well-being,0.5512
UFTM_d6ce23c10c86b1a380007ef19c135695,4,Quality Education,0.8262
UFTM_21e490893f99a7517e1428d8feeb6318,4,Quality Education,0.8226
UFTM_9ad309a050983c6d4cc27a210a63e3fd,9,"Industry, innovation and infrastructure",0.57
UFTM_246837cb196fd5aff6748cd9f3a4507e,9,"Industry, innovation and infrastructure",0.5608
UFTM_9d7c01a98f75debd12985a4693a73365,8,Decent work and economic growth,0.5367
UFTM_e9ba0da5a88d48b7ff180df12fad1697,1,No poverty,0.6485
UFTM_b7cb565d72d0142dca4af145b4356732,3,Good health and well-being,0.7769
UFTM_6b3ec1cf0eca74699f30e4cbe211882b,10,Reduced inequalities,0.7018
UFTM_ca00ecd58e2b6192d990694ed2bb2909,7,Affordable and clean energy,0.5201
UFTM_7c4af917a807b2cadf25371900dd8a47,3,Good health and well-being,0.6948
UFTM_45ae6048065a68118c7e82c57cf3a701,3,Good health and well-being,0.8559
UFTM_342f593af3b0483b4c0e96741085b169,6,Clean water and sanitation,0.5991
UFTM_f0e71e4d9154514af88da77bad18bad0,3,Good health and well-being,0.8588
UFTM_a0551628f1607386a256e927112e9ace,4,Quality Education,0.6884
UFTM_bac95abc4d2f65d6018ab225191459a3,4,Quality Education,0.8925
UFTM_2ad67ee6b72cb8f560f032b12627d947,4,Quality Education,0.8893
UFTM_95029cb282bfe3131286649bc3318192,3,Good health and well-being,0.6611
UFTM_01255e981c2ea56c7151141f73f3b8ad,5,Gender equality,0.5085
UFTM_9bf9040d5c33c52bc2a1bf2ca9ccb11b,3,Good health and well-being,0.6348
UFTM_2be93126e2af4aa20f74c880140cd0cf,5,Gender equality,0.7714
UFTM_0046d801d1d66da0f4d586e33cb1553e,5,Gender equality,0.56
UFTM_1f4f820e1d89c1e18353fc9ce617cdb1,5,Gender equality,0.6255
UFTM_ce60894c0796e27055ecefec55814d70,3,Good health and well-being,0.5769
UFTM_2a1a21f48fff0fbd596d0d78831a65b7,9,"Industry, innovation and infrastructure",0.453
UFTM_e941a9e9ec8b58378b7214a010558fae,3,Good health and well-being,0.4586
UFTM_2e2d5077957d7ad94bf675c1128c5e59,3,Good health and well-being,0.8323
UFTM_0f357eb691accadd3b97eea0c51cace4,3,Good health and well-being,0.4724
UFTM_6c9cae67c3b4b6eaab9b44aa179cb541,3,Good health and well-being,0.6792
UFTM_a088dfb8d9f0977d3d93a6a5e13da6c8,2,Zero hunger,0.8172
UFTM_abfc71b3cb51ae4b42bf36afee588516,17,Partnerships for the goals,0.4122
UFTM_4b089ab74c32ab8590f5844844ab22c7,3,Good health and well-being,0.7546
UFTM_cdbe8ad7ae5b11eeeb918833e63045c0,3,Good health and well-being,0.7241
UFTM_89f3f2524e1ff62708c83691c5ef37aa,3,Good health and well-being,0.833
UFTM_e702cfeaaad79772a5d1a4f0ca202bce,10,Reduced inequalities,0.4421
UFTM_bd791c5407c070b320747e362552aa17,3,Good health and well-being,0.8473
UFTM_a9c26e091f2ca0b24ac6dea409b9b0ea,3,Good health and well-being,0.4532
UFTM_ab983792196b5b97c2cc707d2f4bfce5,2,Zero hunger,0.6471
UFTM_a4d8603929619c7fb7b8d9087d7e4cef,4,Quality Education,0.8775
UFTM_9deb37a9648a1dd836d25e6e74dca5db,4,Quality Education,0.8985
UFTM_c75dd4ab5392e7c50f5dea28c5b02009,4,Quality Education,0.6522
UFTM_e0f259f990df90f76670bf6c14aeb888,4,Quality Education,0.6951
UFTM_4be24884b18f82543c1024cc357c41d0,4,Quality Education,0.8926
UFTM_7f50777e31d7992c2306f98cdbfd9aae,4,Quality Education,0.622
UFTM_ea68594eb83b1e6549f1fc665dda8d8c,3,Good health and well-being,0.5934
UFTM_80b62f6e65a0a23325ebd6d98f1b7154,3,Good health and well-being,0.4597
UFTM_60db5e581bb9726180e670dd4b5814fe,1,No poverty,0.7464
UFTM_8a4bd842662040ba34c8d9d95671b062,3,Good health and well-being,0.7707
UFTM_ab31945635b49cbcbdbe16ef7e755adc,3,Good health and well-being,0.6889
UFTM_2849f18b114954e9afa94c5cf0dcce2b,13,Climate action,0.6145
UFTM_9c110715621515af0281f3aefebc93f2,6,Clean water and sanitation,0.5815
UFTM_fa94f97fcf726201cbb22cd09734e883,8,Decent work and economic growth,0.5577
UFTM_4f05f97c5d400b43212dc31f4c8bc07a,6,Clean water and sanitation,0.8697
UFTM_a7393f34586c7cc9d13af696d82d9f74,4,Quality Education,0.5318
UFTM_8f0d66845d0049520550f1c441ec9121,4,Quality Education,0.5327
UFTM_2f6c82f9ea3e43c1ea37a11de4aa565a,9,"Industry, innovation and infrastructure",0.5206
UFTM_c9c1c6e305c0820d29e79b1d1cf71628,4,Quality Education,0.8906
UFTM_b19f0fc5f7c18bef3d7bfae425b41086,3,Good health and well-being,0.494
UFTM_b29f6147a9ebbae7d1772c158cc3f4d8,10,Reduced inequalities,0.5741
UFTM_569f5ffc5f64d565e0b1141a1afd3988,4,Quality Education,0.7447
UFTM_23ea79604ff6f94a509f1cfeb61add24,3,Good health and well-being,0.7375
UFTM_24df85942beb6975978de73393d56c63,3,Good health and well-being,0.6465
UFTM_638412d8c32e0b48ff5790588ee2941a,3,Good health and well-being,0.4735
UFTM_e563538cbd978bc05a08802abbc0e2d9,2,Zero hunger,0.6425
UFTM_a51eaa8eb61fd7e54427bcc218d43890,3,Good health and well-being,0.7309
UFTM_1790930e2ccf5b0954e7e4c44d5ce9ee,3,Good health and well-being,0.8406
UFTM_7a1bb99194bcaa3a65b9fed36a373a32,4,Quality Education,0.4335
UFTM_eb64957e3a5767a109da5b61e62b4732,15,Life in Land,0.4835
UFTM_db6e25ef41246cbc041e8ad71b01c5dc,3,Good health and well-being,0.4316
UFTM_cbae25677be1291146d9225f3784f49a,4,Quality Education,0.6332
UFTM_f1abfd8de9631322b80104ccd2c6449c,10,Reduced inequalities,0.5708
UFTM_b81de7497a9019aaf766fef913c91f5f,4,Quality Education,0.4017
UFTM_b81de7497a9019aaf766fef913c91f5f,5,Gender equality,0.5086
UFTM_ddb1bd9dc0f660a0c0989729de69c461,4,Quality Education,0.9107
UFTM_efffaa02db992882193cec9117317b30,4,Quality Education,0.6936
UFTM_75226961678a4a1132227ba662af44a8,6,Clean water and sanitation,0.5777
UFTM_487b33fd9dcc5637c40d70a6f4febd36,6,Clean water and sanitation,0.7742
UFTM_bea397fd774c182ce1577c08ed04d79c,7,Affordable and clean energy,0.7342
UFTM_6fb16c4b706a77188d8a1a7dff980476,4,Quality Education,0.8581
UFTM_a2da7004a043ff45810f0ac998c4c14b,3,Good health and well-being,0.6381
UFTM_05c9464429c1908bcd4d6ca3f2a6879a,4,Quality Education,0.7354
UFTM_4c0ab9689d36d9cbf4460cd4d1e508a3,4,Quality Education,0.5177
UFTM_06fa9ac2833d57981d9655ee3fad2e17,9,"Industry, innovation and infrastructure",0.5983
UFTM_33acb6ae6633aa72eb3971ffb42f9e14,3,Good health and well-being,0.5659
UFTM_cbe93b6ccbf45bdcfdd5273771364185,3,Good health and well-being,0.4686
UFTM_50ebf572c17be8c2530e37b4eb359598,3,Good health and well-being,0.4395
UFTM_201ceccdfadec880e5a82bcfc5e4cb13,3,Good health and well-being,0.8266
UFTM_4ed4f41fe93c7ee995ed1e01a8313f33,3,Good health and well-being,0.575
UFTM_95e256b68884bb88d9fd3eba9657a32c,3,Good health and well-being,0.8442
UFTM_8a94bc52b49f4709f38cddf7620a06b1,3,Good health and well-being,0.8563
UFTM_daef3cbe0ba949a2d39add81333b4642,4,Quality Education,0.8783
UFTM_9611e744e5c2ddd68d88dd584a762a69,4,Quality Education,0.8014
UFTM_cfdea09a29804d81ea7d82444a347bd4,7,Affordable and clean energy,0.4129
UFTM_9ccce52d98a1266fc9539cfe0dca3de8,7,Affordable and clean energy,0.6036
UFTM_1b027c12bbfc485b3667ac667e9ca109,3,Good health and well-being,0.5269
UFTM_7ffe736957cc2f701de211568dbd5273,5,Gender equality,0.4291
UFTM_444b3fe2d4206e20318ac9ae0ed834e4,8,Decent work and economic growth,0.4096
UFTM_9b646b01291ad2510fb487fe5a813c58,9,"Industry, innovation and infrastructure",0.4929
UFTM_63d8b78bfb11a9e3dd1042b1401e323b,4,Quality Education,0.8126
UFTM_c489958f845ab23a565f270f5898a9db,12,Responsible consumption and production,0.4482
UFTM_11525cbc05d49a7bad6fd28e9fbcfc89,4,Quality Education,0.7899
UFTM_1196c1e79c0669ae5a6e941cc6527557,4,Quality Education,0.8765
UFTM_c739b98632018eb56a61c356f99c4f63,9,"Industry, innovation and infrastructure",0.5463
UFTM_2262c1aecf7b542a3aa5bd0626c40090,2,Zero hunger,0.4603
UFTM_bf60c6be9326591db347ea9958fd4add,3,Good health and well-being,0.6391
UFTM_cdafbffe216447f210d344e90f439dc9,4,Quality Education,0.9001
UFTM_e10c285d27f3f83bc76545626e5260d9,4,Quality Education,0.8237
UFTM_abbe70409488671c5da2a9091204d59c,4,Quality Education,0.8992
UFTM_2494dc0168a6652d9f675f7f6ff5ec2c,4,Quality Education,0.4699
UFTM_e3e4917bea9a30d451084538a4979377,4,Quality Education,0.6926
UFTM_18409f17b6c9aefe7b1732d94e025092,4,Quality Education,0.7038
UFTM_68eda268e77d48d0747c1941cfd41e58,4,Quality Education,0.8061
UFTM_019e021ee4693c87d4a5407e2e7dcd14,4,Quality Education,0.5436
UFTM_4fd6f56608718a139ac19107e8391df9,4,Quality Education,0.6368
UFTM_aff1ae72cc0a7371cb2327d637746ee8,17,Partnerships for the goals,0.4902
UFTM_553970c75d289ff53fe0c1e07cccd802,4,Quality Education,0.9096
UFTM_4efbdbf20b21c4041bef3e588b77392e,4,Quality Education,0.9044
UFTM_e897838c155a256dd0a507dacbaf817b,4,Quality Education,0.7528
UFTM_214fcc2221d89359b1368a3a3a853294,4,Quality Education,0.9031
UFTM_dae736beef7c0e03cb4039b6fdcb7515,4,Quality Education,0.7497
UFTM_539780667764326119a4c5ccd2b268b2,4,Quality Education,0.904
UFTM_720e901c595af8a13e1c242901bacb36,11,Sustainable cities and communities,0.4652
UFTM_c7a3ddc4de41e301780a8bbb130d0df0,3,Good health and well-being,0.8347
UFTM_b14cf4f80a3b1ecbdccd3cdd567a04e7,3,Good health and well-being,0.5782
UFTM_d7ae5eb18d765151f41e38aba512cf95,3,Good health and well-being,0.5394
UFTM_df0d681879f07adacd1760b7759e826d,4,Quality Education,0.9079
UFTM_55454c5bf942453732cacc10c2e417a0,3,Good health and well-being,0.8514
UFTM_0c19e6ddf67ac8d10c46fc1e73b50e86,4,Quality Education,0.5453
UFTM_65d039255d5f7a62d848f76aa5260844,15,Life in Land,0.4501
UFTM_e511ebfa488df4cca4c29f7ce85cd65e,17,Partnerships for the goals,0.4224
UFTM_320326ce46439ba9959573bcdbeb1421,6,Clean water and sanitation,0.6789
UFTM_f851675ce1059211a8f2ac43ddd2dc08,1,No poverty,0.6781
UFTM_3d3bc85046abdb651bbca2a0789ce021,9,"Industry, innovation and infrastructure",0.5056
UFTM_ed3cbf62032bc5287acae95fe7332daa,4,Quality Education,0.571
UFTM_bd72b93d8fdd840a1eca34e72c4fc277,4,Quality Education,0.4636
UFTM_bb1e3abe2582176f29dde5c344d6eea6,4,Quality Education,0.7703
UFTM_48e68b87c1533a4f63bb6812c9322000,4,Quality Education,0.4015
UFTM_f9cbaeca1ce3dad2f8a20a6818f36bf5,17,Partnerships for the goals,0.4883
UFTM_3f4c925e348f3168ad1f75f3cdc55915,3,Good health and well-being,0.4119
UFTM_f11e833f58bc4bd8e881ab803bf42e76,3,Good health and well-being,0.6512
UFTM_395977ce6b74b69e98c4390ce4bbb136,4,Quality Education,0.691
UFTM_f8445ec95716da65fdd23e010b4e4960,16,"Peace, Justice and strong institutions",0.427
UFTM_41568930b53432953f8025809b49b368,3,Good health and well-being,0.7154
UFTM_4c6c1eaa2aad7dab108e64d972ddc1ef,3,Good health and well-being,0.5737
UFTM_acd1bd6e854ff1f340fb14bbc4751b57,3,Good health and well-being,0.6931
UFTM_2b694b7ca1190069570235d1066af339,3,Good health and well-being,0.6931
UFTM_02729af6073ca418c5463ee3817b288c,4,Quality Education,0.6982
UFTM_d51818d14dcecd040cd5decab7d9a4e8,9,"Industry, innovation and infrastructure",0.5204
UFTM_69e4810e396ea2007ded4935a03ed10d,3,Good health and well-being,0.8497
UFTM_a9b75c85ed86b01388b911dd3535f942,3,Good health and well-being,0.8682
UFTM_4e62a552a591e0def3ba1f7586b28d4b,5,Gender equality,0.5194
UFTM_c5bfa3f74b432d1921c2b905ce79c7bd,4,Quality Education,0.5989
UFTM_219ac8928bc046cc5081246d3a0e1d4b,3,Good health and well-being,0.4409
UFTM_0fef518605b4620cedf778947bb4f78c,7,Affordable and clean energy,0.4094
UFTM_4db6887f04fc1751354f1dc982ac0261,4,Quality Education,0.6167
UFTM_f34330c991ddac1dfd94695623be09ba,3,Good health and well-being,0.8306
UFTM_52c0c9254baca1efb31fe45271b8769d,3,Good health and well-being,0.4427
UFTM_1be6f1166782e8ee8336393d449b359f,11,Sustainable cities and communities,0.6216
UFTM_8fc5342a4be31023c21679e25de30f00,11,Sustainable cities and communities,0.8427
UFTM_8d04feccca4a4b88996ab52f59f49a40,10,Reduced inequalities,0.8009
UFTM_37a3d7e05ee2efbe233ec5233e6f7860,3,Good health and well-being,0.5486
UFTM_72b06a8168282527da057e826644e7d3,9,"Industry, innovation and infrastructure",0.4837
UFTM_655f731ba5034729f219cd7705311a5e,3,Good health and well-being,0.6519
UFTM_b2e2700f87a70dc36a48a03ddc89db98,15,Life in Land,0.4786
UFTM_979981e2d2410e1d9586477b859b6417,1,No poverty,0.412
UFTM_4b27e8cb57ccecc54e09fe0aad3c9829,4,Quality Education,0.7795
UFTM_4cc18750feabe0191ae7ca40dbf5e574,3,Good health and well-being,0.859
UFTM_ece9ac317fdfbfd54dace959e1aa5ad2,15,Life in Land,0.4551
UFTM_e91f9329a1e09170945c326b30b2e19a,4,Quality Education,0.4334
UFTM_2cb9848590b26d93911be7f326cebd6c,4,Quality Education,0.7385
UFTM_4b2eb0027c9031c0f8279ac16c842bcd,9,"Industry, innovation and infrastructure",0.4891
UFTM_c04661877d612ad143751c7e90ae7998,2,Zero hunger,0.7284
UFTM_9d0143d621212b04e34c8c64d27108f8,4,Quality Education,0.7327
UFTM_76eb7223a59b98584c685c3167b90ff5,9,"Industry, innovation and infrastructure",0.4546
UFTM_17b1ba47b3452bb52aaf5bceacd6eb72,3,Good health and well-being,0.4223
UFTM_0920a3aa5958964f3e92193a933c78d9,3,Good health and well-being,0.4193
UFTM_54a505d6496a750aae8ab0b4d7858def,16,"Peace, Justice and strong institutions",0.6288
UFTM_58f429a5df7dd964c48dda0ef43a8ab4,3,Good health and well-being,0.8535
UFTM_4cc0a908430e637a1ff0397fe57d34de,4,Quality Education,0.5288
UFTM_9904b81de4ef3cb96402b9c4457a5c29,4,Quality Education,0.8648
UFTM_7f12462e6d9e6d58517e221eea9bc56f,3,Good health and well-being,0.8559
UFTM_9684cd92e2e47a2ea062c471bdd836e5,4,Quality Education,0.8395
UFTM_0ea1de5627e190695a34e4f65ecd7fc1,5,Gender equality,0.4247
UFTM_2dcbc56ab3cbf68ddb2edb0563f51ac9,2,Zero hunger,0.4833
UFTM_878f6a489511230bb0abf410a273e0b5,7,Affordable and clean energy,0.5584
UFTM_2bd29f359ad07816f4d93fdd8048affa,3,Good health and well-being,0.5448
UFTM_e24cfa6a981efa9c73ddded9b0d0e204,3,Good health and well-being,0.7688
UFTM_4bf7496e76b3981ac0c1edbaf750a8fd,1,No poverty,0.5293
UFTM_5cb416a1ce389a3c07c02962e62cf0c6,3,Good health and well-being,0.7755
UFTM_8ccfaa802d9da06555e689c48b071afb,4,Quality Education,0.8971
UFTM_2645b38f8d0014409a8b36b2730d33a1,3,Good health and well-being,0.7782
UFTM_11a6542451479f6cf40f752d5febd1b6,3,Good health and well-being,0.7782
UFTM_3574b6a3f942853164b66d9be72318a2,14,Life below water,0.6085
UFTM_51c77dbf0737f56d595ae63c77289f48,4,Quality Education,0.6458
UFTM_762ff6ad67e0ad8a2114a92f16abf000,4,Quality Education,0.7137
UFTM_72179b9ad4721f18406d42f891376ae0,7,Affordable and clean energy,0.5477
UFTM_5e18a4d130888019106599a21ac14635,3,Good health and well-being,0.7926
UFTM_1540f034dea7a73a6978b6aaedd6d68e,3,Good health and well-being,0.8212
UFTM_ceae111113209f7a8d15cda7acfbdbd5,3,Good health and well-being,0.5032
UFTM_462ff89ef0984e0055e2417d81b4d9a9,3,Good health and well-being,0.7635
UFTM_fa6818a63a0e2a8d6453f83ef0c1997b,3,Good health and well-being,0.5783
UFTM_48d82f65a7c2b185a37299f778c3fe90,17,Partnerships for the goals,0.4595
UFTM_a5a73225f4355ea37cdb76c557de2095,17,Partnerships for the goals,0.4469
UFTM_24d831121243ee2a749c63a9e6c901ed,6,Clean water and sanitation,0.5073
UFTM_613fa3b7f5aab9e261417eb836f9eecf,4,Quality Education,0.7725
UFTM_8326a41109320d739d473dbed29abfaf,14,Life below water,0.624
UFTM_ddccd8174e562bdd6eaecd723108c07e,3,Good health and well-being,0.6499
UFTM_aaa74f2af4b14ad116a568e17eea304f,9,"Industry, innovation and infrastructure",0.5104
UFTM_2cb877ea0ee27a2f7d46d79d1d131a9d,4,Quality Education,0.7453
UFTM_60cecb0fed9adac54245d76adda88085,3,Good health and well-being,0.6816
UFTM_fa1f0b1abcc779e348f26ac1d50fa8d5,4,Quality Education,0.7854
UFTM_e3c9706a121726207e18d479dda2df1f,14,Life below water,0.6765
UFTM_b5d6c41e1ed26b2ea60cc3747292d192,14,Life below water,0.6928
UFTM_4e8c3e7ebd928cf1ca937badbb875a99,4,Quality Education,0.5589
UFTM_c8528312e77d2229eeb0fd7f6ff7dd54,3,Good health and well-being,0.8378
UFTM_2a1670dd780652b9413c693c2c4c166b,3,Good health and well-being,0.7355
UFTM_3e5cfa8fd8d4e9a7b7ba23dade9c0d56,3,Good health and well-being,0.8389
UFTM_36b5fd09a18183f6b79245c3725496e9,3,Good health and well-being,0.5209
UFTM_e648b766e44aa1aa24798ae776af53ad,14,Life below water,0.5594
UFTM_e648b766e44aa1aa24798ae776af53ad,15,Life in Land,0.4143
UFTM_64a7dbdc522aa1553575ae919ffcda2b,1,No poverty,0.7663
UFTM_97b13a22c52af18402bb81225393631e,1,No poverty,0.7126
UFTM_5ff4d62d3ed30765d1a2531a9528ed92,1,No poverty,0.6656
UFTM_399131fc843b3dcaeccea6854bc61abb,10,Reduced inequalities,0.4051
UFTM_6eaceea181799642c4eb56840351f16d,3,Good health and well-being,0.7601
UFTM_a2f3e8c1354ecde5cc9d5f706589eca9,3,Good health and well-being,0.7612
UFTM_87b61340b142faff5e2ddd333bb3c466,3,Good health and well-being,0.7913
UFTM_115a6e58e8a220a71ce05708a6d2f56a,9,"Industry, innovation and infrastructure",0.4651
UFTM_0529af71aadad7880727c46713989d37,4,Quality Education,0.5805
UFTM_39cecfb44ac0737f0a237a79cb0f57c4,9,"Industry, innovation and infrastructure",0.4012
UFTM_45b361fe5760143695861e279c0f5d03,11,Sustainable cities and communities,0.545
UFTM_45b361fe5760143695861e279c0f5d03,13,Climate action,0.4085
UFTM_0acc8eb511eeb54fcf6fb1a7f98fd9c9,3,Good health and well-being,0.6456
UFTM_625e4adc8b6488a1e8fbf269f7fc7faa,10,Reduced inequalities,0.4366
UFTM_f42ed0ba8c62dfab81b6b7bcaa377dd5,4,Quality Education,0.598
UFTM_a4d0de63726a9aba5d044c3ef0338ed0,3,Good health and well-being,0.703
UFTM_494aa4835e75bd1978526c9131eefe7e,10,Reduced inequalities,0.5853
UFTM_71cfce9d3db3319046f9eded3709b978,7,Affordable and clean energy,0.6335
UFTM_92cd35e8676b2bfba7ad1a889cc7d19b,4,Quality Education,0.8381
UFTM_03053e241a5b740ae9b0f31296eeff4f,3,Good health and well-being,0.8499
UFTM_835b63afb25de8cb29b4e84c1afd21f9,1,No poverty,0.6549
UFTM_9bbec06afc703038702b1543800ca805,7,Affordable and clean energy,0.8424
UFTM_7bb877dff8267b5fe3a001ff1d933180,8,Decent work and economic growth,0.4808
UFTM_e975cca2dc922dee09d1de8e043c4da1,4,Quality Education,0.5195
UFTM_9c2cc8ec7f46b6adaa249d0d5e7b57eb,3,Good health and well-being,0.6277
UFTM_bf9b7c6a09113601f3ed247f6a8f0f8a,7,Affordable and clean energy,0.6084
UFTM_a7668f190a547bcf0944b87a394d3828,9,"Industry, innovation and infrastructure",0.4659
UFTM_4f46efd80c579431ce28ee3f3c03a069,16,"Peace, Justice and strong institutions",0.5069
UFTM_4be7f9af18c511b3f50846d33038c4b0,4,Quality Education,0.8382
UFTM_c4fe7d728888f4b8b3f4a6c4e8ade807,3,Good health and well-being,0.7678
UFTM_ece2cad1a95fb489c43a86aacdf1aaad,3,Good health and well-being,0.825
UFTM_29a67faf7a559af244532c16e3747802,3,Good health and well-being,0.7054
UFTM_252514c9e2795459b0dff309f89f6848,3,Good health and well-being,0.8317
UFTM_78acb9a5d878c53cad2264de10c35fff,13,Climate action,0.777
UFTM_be62934f8bb21b860da8c4cf730a9bb3,5,Gender equality,0.5246
UFTM_cd30f71727479a571b96db59dfab19a4,3,Good health and well-being,0.6238
UFTM_6d424056d953c26307ec444e6e8cb306,3,Good health and well-being,0.8579
UFTM_0bdef603f8e85a166000d4dea874af63,1,No poverty,0.4015
UFTM_9d307fd46a6588faa9f1254df0b7adae,5,Gender equality,0.5217
UFTM_83321117da0f25124813d64aa6a1e505,3,Good health and well-being,0.7841
UFTM_e520d843eaf95a65ac49083dd8c87da2,3,Good health and well-being,0.7071
UFTM_af75121bb4a84769f959bfd657d80c98,1,No poverty,0.67
UFTM_bea9d4346fc120ceb1c9a0e563557dae,4,Quality Education,0.6841
UFTM_38d90275f5e3ad39effce7fcaf0658ad,3,Good health and well-being,0.4374
UFTM_19b2161f90e40165186301abdeeeca31,3,Good health and well-being,0.7703
UFTM_071952ee4f0f3071fa05b86fee337d95,3,Good health and well-being,0.8538
UFTM_27b13724d6b91c145f1e0b5435fd3cea,3,Good health and well-being,0.6791
UFTM_1855addd44daa4600b59f2ee5a62c444,3,Good health and well-being,0.4278
UFTM_c5f195e727895aba87909bc1d45a2a9d,3,Good health and well-being,0.7271
UFTM_a7db8b45bb102cf7173ec8c1f6dcb8d6,3,Good health and well-being,0.6828
UFTM_55711537839ee5f894e9671b11242532,5,Gender equality,0.7383
UFTM_36de2f6d01b27c735f69d8bfc41beb0a,3,Good health and well-being,0.7594
UFTM_164f783dfe7ed1242cf55f4da5633e6e,3,Good health and well-being,0.5204
UFTM_e93f7a4ef816b0f2097b37973d9eb009,14,Life below water,0.4159
UFTM_afb09e991f45509e090ea9478e71d2d2,3,Good health and well-being,0.7292
UFTM_dcfc630a9d49f4af910bd1aeb2a54d23,3,Good health and well-being,0.4242
UFTM_b3d58191001a5feac311e5956e1a1824,7,Affordable and clean energy,0.6432
UFTM_a44e0116b6fd4ff1e5c088e118b8d930,3,Good health and well-being,0.6962
UFTM_5fb62514c32a2f283bf4a8f7653ca7c7,1,No poverty,0.4208
UFTM_4c6b6dc91b3905f647c853dfcb0a87f8,4,Quality Education,0.5882
UFTM_bd1c8b9dc9e8962f480c95fa6421b37c,3,Good health and well-being,0.875
UFTM_8f71b6c21d8612b1e7ae7f847dba02a4,3,Good health and well-being,0.4075
UFTM_5f15eb7a8eb900392b11adcaf92b7c79,10,Reduced inequalities,0.5107
UFTM_b4a70fe9e46a65d12a7a4addfc8210c9,1,No poverty,0.5615
UFTM_82d6b4470bcbf648df5bdb1871b6a21f,7,Affordable and clean energy,0.846
UFTM_dfb4f30ef720e51fab0384f932b82ae2,7,Affordable and clean energy,0.8439
UFTM_6dae8d246977bafc48ef59f29a13c86e,1,No poverty,0.7244
UFTM_64c50c7dc5dbcf3a888a82c2042f2de3,8,Decent work and economic growth,0.5536
UFTM_a786bc3bf6c239ea2f3575038ac1a690,5,Gender equality,0.659
UFTM_a2d6385302c34d51f1a0cf1efcc67fa3,10,Reduced inequalities,0.7926
UFTM_94040e7892642aecfe8b1c44e8571dd5,5,Gender equality,0.6028
UFTM_f623335e863427640dd8b2561cc32dca,5,Gender equality,0.6497
UFTM_8eed239eb3540d85879ce8f16ac4fcbd,3,Good health and well-being,0.797
UFTM_bde50be63750872ff809fc90b3dcd947,3,Good health and well-being,0.7992
UFTM_bdcf2293b21753aae46779288a0cb653,3,Good health and well-being,0.8629
UFTM_ab44267844782d4348d9644d38b73cc0,16,"Peace, Justice and strong institutions",0.4613
UFTM_0536c7cc80335f1322c0be93c8082a0b,8,Decent work and economic growth,0.5699
UFTM_9fbe35e9237fc4d2581a6677ab75e414,8,Decent work and economic growth,0.4155
UFTM_0a0219928f7699e50ca88f4e7405b437,12,Responsible consumption and production,0.4004
UFTM_c84d5c4043017e910ce5c271bbf0b3c5,10,Reduced inequalities,0.4705
UFTM_dbf027f3821c437c1965576ea7aa86ac,3,Good health and well-being,0.7896
UFTM_7512f1d269e30903dd68dc3bc31a0c88,3,Good health and well-being,0.7302
UFTM_f2d194620a3f7fe1728f064f00f41a23,3,Good health and well-being,0.8321
UFTM_d1442de59de584a5f57ff60096e75cda,3,Good health and well-being,0.7681
UFTM_54845aaa27e2710f30218bb12fd4b956,4,Quality Education,0.4764
UFTM_df939508804f10e2397e8ea9442eeae0,5,Gender equality,0.477
UFTM_8e00cfd68d01579f7b51ad94d5999044,1,No poverty,0.6379
UFTM_ad0838228d26f4658485b30261323326,3,Good health and well-being,0.833
UFTM_6a1e7d1d4dc5de3fba06d3a0f6306161,4,Quality Education,0.8889
UFTM_52841202dee4b0f7fbd1e5c686e4b40b,16,"Peace, Justice and strong institutions",0.4821
UFTM_7c746abb051659ccb416eec5c7b1319b,3,Good health and well-being,0.8349
UFTM_cd8aabee7cadbc8537f798098d6b4ab4,16,"Peace, Justice and strong institutions",0.6491
UFTM_6513b8b468076591ac0c3d715bec4eb9,4,Quality Education,0.4243
UFTM_843017e33757c5ad90b5273ed7f09fdf,2,Zero hunger,0.4295
UFTM_92f1c077d87c2a33cac1b2262948d7cc,3,Good health and well-being,0.8685
UFTM_a591ca233ae77866c7bab2d87a7a03e4,3,Good health and well-being,0.8634
UFTM_e9ecaa4908906ca663ee7c8ff56a62ef,5,Gender equality,0.598
UFTM_9729dbc7325d864aac7c957c64e35257,2,Zero hunger,0.5816
UFTM_95158a7bef6f60c52786a4497b1e53e1,3,Good health and well-being,0.4517
UFTM_c6b9e91a6c506e2c276e0d4cd49f5078,3,Good health and well-being,0.5434
UFTM_b592b39fc7961ef5716872133c235ce4,1,No poverty,0.4009
UFTM_0f3fa98c264b84be9f2340703cad64c2,1,No poverty,0.6143
UFTM_2903f5c8432158b8120fe01565d7bd37,1,No poverty,0.4005
UFTM_3661325a395bacce65779eec9ae51427,11,Sustainable cities and communities,0.4031
UFTM_7386b2ae2fbdb76243d136651abcafd7,3,Good health and well-being,0.8576
UFTM_9dddbbaf4ae09945515b3ae22490dfee,3,Good health and well-being,0.8538
UFTM_939e04b82ca2f2a264a83ccb1c613e28,3,Good health and well-being,0.8077
UFTM_3740b48af0c06e99501eba39217fd34f,3,Good health and well-being,0.7553
UFTM_7a483e557d5ee8232564fcc86a93ee9d,3,Good health and well-being,0.7553
UFTM_0cf4cf1fbd7a6dda50338d157e570521,3,Good health and well-being,0.5062
UFTM_f623b654efd7ad416fd7e9cbbd7bbe50,10,Reduced inequalities,0.6033
UFTM_5511c2eeeb0231b9adff6c5665f3eee9,6,Clean water and sanitation,0.4359
UFTM_f4f416c00bd5e547b1321f3cda7473ab,6,Clean water and sanitation,0.4359
UFTM_50dcad7a0dd86b678e26c8cc88710e93,3,Good health and well-being,0.4463
UFTM_beb018eaeb6aadee702f066cf84821bd,1,No poverty,0.7868
UFTM_4aeeea46fc98694f36bba64748436bd2,3,Good health and well-being,0.8987
UFTM_24039373d3aacabe8ab35339c341714d,3,Good health and well-being,0.8666
UFTM_c5600fcf7198d1ab10050ce53f88d0ce,3,Good health and well-being,0.863
UFTM_270f2fc6a6152024b467069e8e86fa7c,3,Good health and well-being,0.8155
UFTM_11f17c0935feab1af4e6801e0019b3bc,8,Decent work and economic growth,0.4596
UFTM_7ba050db5f781f16a2a236b31b22e03b,2,Zero hunger,0.7505
UFTM_9f36d9c5b6259bac70d001a3df94e0d9,17,Partnerships for the goals,0.4505
UFTM_8cfef5e965a4363d5a5f6daac8323110,3,Good health and well-being,0.5586
UFTM_0231acc7f9e3f35810772737368be375,3,Good health and well-being,0.843
UFTM_3147231aaa24c1883660d57fa0093bbf,8,Decent work and economic growth,0.5191
UFTM_ef04dca795e4d557151bf44fe75ac471,8,Decent work and economic growth,0.413
UFTM_aa27a2a506df4738972d8d4d925bb199,5,Gender equality,0.6962
UFTM_6551846b37c7cd6624ccc86fc5f40a4c,15,Life in Land,0.7293
UFTM_43eade205df6a778f5254d09a1ffd0dd,3,Good health and well-being,0.8561
UFTM_3c660e40ec9bbdf437ff42526849b704,4,Quality Education,0.4481
UFTM_65ea0d28d00a8a58e64a91c035755679,3,Good health and well-being,0.8261
UFTM_a8fa02f1a11b8ee17ad6a62df862b9f0,2,Zero hunger,0.8119
UFTM_678b09172dcecb0f6272206ea475654d,1,No poverty,0.5298
UFTM_5cca6af88dc78f57ea534a4aef625b08,3,Good health and well-being,0.8553
UFTM_1d42c7fe277270baa31e862288e57a24,8,Decent work and economic growth,0.5242
UFTM_5d4b55b722abdcb69a89dbf11678cbb1,3,Good health and well-being,0.8478
UFTM_c36609bb2f7b75b8f029ed24243bec04,3,Good health and well-being,0.8504
UFTM_5516d40bde55d33d2f78a23ef93f8d2e,3,Good health and well-being,0.8568
UFTM_d673557db7e5c2669a48b2ab88c5a083,3,Good health and well-being,0.7423
UFTM_aae4c8d211d27712099e4003736f435d,3,Good health and well-being,0.8147
UFTM_cbc1cef4a44eecb9cf4ec28b15f811e3,3,Good health and well-being,0.8784
UFTM_b3f9553f3190953726b1479bf08c5a62,3,Good health and well-being,0.7624
UFTM_52fd350af4dbaac56b7e33926e9065f0,3,Good health and well-being,0.6998
UFTM_fd38ef2e90c7300accc81e75475698b7,3,Good health and well-being,0.8584
UFTM_9c1c630dc9033a46ed08d57cf5646f70,3,Good health and well-being,0.6946
UFTM_cc05064ffef188b06ba7100b0c4d5b64,3,Good health and well-being,0.838
UFTM_554d6c8f0a57ccf19f1d464a07ff8b5b,3,Good health and well-being,0.8341
UFTM_9627e6b756fb1954b666d300cbf79e83,3,Good health and well-being,0.798
UFTM_c2bee03a5e73a289acdaac185c05ca21,3,Good health and well-being,0.6135
UFTM_c6f49308174969187859888f5d1586cd,3,Good health and well-being,0.7719
UFTM_5d0d6738b24f57fb98770bf41184156c,3,Good health and well-being,0.7092
UFTM_6da677db82da8ba05b3035cbf21b22f5,3,Good health and well-being,0.8631
UFTM_160c49dafd3eafd154280f4dc3d146e8,3,Good health and well-being,0.8357
UFTM_7002947277ad1fe4ee1f20c541ed3ab5,3,Good health and well-being,0.8439
UFTM_62a2240b775504b9d468ad595b242400,2,Zero hunger,0.735
UFTM_2d40fdbab48057217d49a91562cccb1a,3,Good health and well-being,0.7516
UFTM_73552bff64d86e455508923ede443c3d,2,Zero hunger,0.6276
UFTM_c19201ff9b126b0eaf85aad04face95e,3,Good health and well-being,0.6785
UFTM_4d1285e35c8b839ec3b0b57cbb5804c6,3,Good health and well-being,0.8364
UFTM_bfa91677d4ebf5e2aef486b9357d1486,3,Good health and well-being,0.866
UFTM_f94d4b2e601c817e8b36435365715c94,3,Good health and well-being,0.4548
UFTM_9aabca6a274096e28f65a826c52ee614,3,Good health and well-being,0.4344
UFTM_9fd6f59fcc87cd6ee9381d6d305cac42,3,Good health and well-being,0.6722
UFTM_49bc7affc3b699faa7a721f22e92564c,3,Good health and well-being,0.7143
UFTM_6c8bc9dc210f379f02dd4bb8de744e66,3,Good health and well-being,0.7569
UFTM_45b9dc7b3f1f4e1f854cdf4e9adfc8e5,3,Good health and well-being,0.7831
UFTM_25607f2a2c55bf8ee64c0fd7eff072d5,3,Good health and well-being,0.8385
UFTM_d38fd3df356f51363a131d2b3b5dfa97,3,Good health and well-being,0.8385
UFTM_bbe08ef2faa9c57b99f1235b0da84148,3,Good health and well-being,0.7595
UFTM_c76e7b1da9708081ada6599ee468965f,3,Good health and well-being,0.7726
UFTM_4a6be22dcf24eccff3c50b011ffc5b4b,3,Good health and well-being,0.7183
