issn_l,citescore_analogo
0003-6951,3.65
0003-2700,6.33
0006-291X,2.37
0002-9378,1.76
0003-3022,2.46
0003-2697,3.16
0002-9505,0.85
0002-8614,2.33
0002-1962,1.67
0003-9993,0.76
0002-9637,1.57
0001-1541,3.56
0001-6489,0.81
0005-2736,2.36
0003-4916,2.32
0001-5172,1.77
0004-282X,0.19
0001-6314,0.55
0003-9969,2.09
0003-2719,1.97
0003-4746,1.45
0002-9440,3.26
0003-682X,4.64
0003-3197,1.47
0001-706X,2.33
0003-9985,2.34
0003-4983,0.0
0001-2815,0.0
0001-3765,1.22
0004-2749,0.66
0005-7959,0.69
0001-5547,1.04
0002-5232,0.25
0004-2730,0.0
0002-7014,0.78
0004-2803,1.07
0003-4509,1.25
0003-455X,0.8
0004-2773,0.06
0002-5216,0.08
0006-4971,1.26
0009-7322,2.05
0006-3495,0.44
0006-2960,2.41
0009-2614,2.65
0006-8993,3.01
0009-2673,3.26
0009-7330,4.88
0008-6223,10.94
0007-1048,2.48
0007-0920,6.1
0007-1188,4.39
0011-183X,2.21
0009-9236,3.46
0012-1622,1.55
0010-938X,9.91
0007-1145,2.09
0008-6363,4.27
0009-2541,2.94
0008-8749,2.82
0008-4166,2.43
0008-4034,2.12
0010-4825,7.25
0008-4212,2.03
0009-9120,1.73
0009-2797,4.58
0006-341X,1.27
0009-9163,1.85
0010-3624,2.54
0009-9104,3.71
0006-3185,0.36
0009-3084,2.1
0008-6312,1.19
0008-3984,1.02
0007-070X,3.41
0007-196X,0.56
0006-3088,1.65
0009-6725,0.17
0010-5236,0.25
0006-6079,0.3
0021-8561,5.76
0013-4651,3.46
0013-4686,4.62
0021-8812,0.78
0016-2361,6.88
0014-2999,4.19
0019-9567,3.52
0020-1693,2.94
0020-7292,1.87
0018-8158,2.0
0013-9351,7.38
0018-9545,4.35
0016-5751,0.3
0014-2980,3.06
0020-1383,1.81
0015-0193,1.29
0020-7608,2.67
0013-9580,4.18
0020-1324,1.26
0019-5456,0.85
0016-6480,1.74
0014-2336,1.61
0017-8748,3.07
0021-8944,0.57
0014-4894,1.53
0021-891X,3.34
0020-7519,2.18
0019-2805,3.72
0018-9391,6.0
0021-8782,1.75
0020-7128,3.09
0021-7557,2.4
0014-4800,3.28
0014-3065,3.39
0018-2214,0.0
0019-8366,0.97
0015-3826,0.28
0020-3653,0.3
0015-5683,1.77
0020-8868,0.1
0022-5347,0.33
0021-8979,2.77
0021-9606,3.92
0022-1767,0.68
0021-8995,2.54
0021-9584,2.91
0021-972X,5.05
0021-9797,10.13
0022-2860,4.95
0022-2461,3.78
0022-0248,2.22
0022-510X,0.85
0022-3468,1.66
0022-247X,1.06
0022-3093,3.31
0022-3166,2.58
0022-1147,3.51
0022-1007,9.39
0021-9967,1.9
0022-3697,5.47
0022-2313,3.49
0022-0957,5.5
0022-3573,3.06
0022-1112,1.54
0022-4766,1.22
0022-1139,0.98
0022-4715,1.33
0022-2291,1.68
0022-2615,2.84
0021-9975,0.31
0022-2631,2.05
0022-2933,0.69
0021-9045,0.71
0022-0299,0.85
0022-4197,1.98
0022-1511,0.75
0022-0426,0.86
0022-2895,0.96
0022-0175,3.61
0022-4707,0.93
0028-0836,17.28
0027-8424,7.87
0028-3878,1.04
0032-1052,1.48
0025-7974,1.78
0031-3998,2.26
0023-852X,1.64
0024-3205,5.8
0032-0889,5.72
0028-1042,1.44
0032-5791,3.66
0031-5125,2.1
0032-0943,0.52
0031-6768,4.56
0026-265X,4.24
0031-9023,2.83
0031-9384,2.13
0023-6438,6.44
0024-3795,0.73
0026-3672,5.14
0029-5981,2.78
0031-0182,2.13
0026-0495,8.21
0025-5718,1.74
0025-3162,2.07
0031-9406,0.46
0031-1820,1.6
0028-3940,2.12
0023-6837,0.28
0031-9120,0.9
0024-4066,1.5
0028-3886,0.55
0024-4074,1.64
0030-6665,1.35
0024-1164,1.34
0025-6501,0.07
0031-0239,1.81
0028-3843,1.54
0031-2983,1.72
0026-4970,0.0
0036-8075,19.15
0039-2499,1.69
0040-6090,2.5
0038-1098,3.2
0039-6028,2.18
0039-9140,6.19
0032-5910,4.44
0041-0101,1.54
0035-9203,1.66
0041-1132,1.51
0041-008X,2.88
0034-8007,0.14
0034-5288,1.65
0039-128X,2.44
0034-7167,0.55
0037-0738,2.52
0037-8682,1.38
0034-8910,1.82
0040-8166,2.31
0034-6659,1.28
0036-4665,1.23
0034-8309,0.36
0036-5599,0.0
0033-2933,1.09
0034-9240,0.38
0034-8554,0.07
0035-001X,0.68
0034-7094,0.0
0034-7116,0.57
0034-737X,0.46
0034-7612,0.52
0034-7183,0.27
0034-7280,0.27
0034-7299,0.0
0034-9690,0.39
0034-7108,0.0
0038-2337,0.26
0034-740X,0.28
0034-7140,0.06
0034-7272,0.0
0048-9697,10.6
0077-8923,3.38
0090-3493,1.04
0090-4295,0.97
0043-1354,11.85
0042-6822,2.6
0041-1345,0.83
0085-2538,12.1
0090-0036,2.38
0043-1648,5.42
0090-6778,4.38
0049-6979,3.26
0091-3057,2.64
0046-8177,2.04
0046-225X,1.64
0045-2068,4.12
0048-5772,3.16
0074-0276,1.62
0049-4747,1.52
0066-782X,0.95
0091-2751,0.95
0090-6964,2.41
0045-7906,6.51
0049-8254,1.57
0072-1050,1.68
0042-9686,3.38
0080-6234,0.52
0090-1229,0.0
0090-5550,0.96
0042-3955,0.14
0073-9855,0.11
0076-6046,0.11
0065-1737,0.33
0047-2085,0.41
0045-6888,0.76
0071-1276,0.0
0073-4721,0.9
0046-9939,0.7
0073-4705,1.33
0041-8781,0.0
0094-243X,0.45
0098-7484,8.24
0091-6749,1.7
0095-1137,3.87
0092-8674,37.34
0093-691X,2.41
0099-2399,3.27
0098-1354,4.67
0095-8972,1.74
0100-204X,0.57
0100-4042,0.31
0098-6445,2.14
0098-5589,5.26
0098-9886,1.3
0095-3628,3.92
0100-879X,1.83
0101-2061,0.7
0093-7355,1.15
0100-0683,1.48
0094-5145,1.55
0100-7203,1.78
0100-736X,0.71
0100-6991,0.59
0100-3984,0.74
0100-5502,0.43
0100-8307,0.28
0100-6916,1.16
0100-8358,0.0
0100-0233,0.22
0100-8404,1.72
0100-0888,0.05
0100-5405,0.03
0100-4670,0.72
0100-316X,1.1
0100-3283,0.11
0101-1812,0.1
0100-0039,0.0
0100-3674,0.38
0100-7467,0.0
0100-7912,0.03
0102-311X,1.44
0102-0935,0.5
0102-0536,0.96
0102-3616,0.34
0102-3306,1.0
0101-9759,0.46
0101-3173,0.57
0102-3772,0.23
0101-7330,0.73
0101-2800,0.57
0102-4698,0.56
0101-9031,0.21
0101-3289,0.28
0102-4450,0.24
0102-0188,0.16
0101-2657,0.09
0101-7136,0.28
0101-4714,0.03
0102-4175,0.05
0101-9074,0.05
0101-3335,0.04
0101-7659,0.0
0101-4846,0.1
0101-708X,0.24
0101-7438,0.7
0102-3098,0.52
0101-8841,0.01
0101-7004,0.23
0101-5001,0.0
0102-2717,0.15
0101-9880,0.0
0101-465X,0.15
0102-3527,0.02
0102-3586,0.0
0102-4442,0.02
0101-4838,0.0
0101-8108,0.0
0102-3888,0.07
0101-8701,0.12
0102-1222,0.07
0102-7638,1.17
0103-2100,0.53
0102-8650,1.36
0103-1104,0.73
0103-4014,0.81
0102-6933,0.57
0103-0582,1.28
0102-7972,2.42
0102-5716,0.15
0102-7182,0.1
0102-6720,1.18
0103-1570,0.44
0103-166X,0.51
0102-6801,0.04
0102-5473,0.1
0103-2003,0.77
0103-1643,0.0
0102-4809,0.09
0103-1716,0.08
0102-9169,0.02
0102-8030,0.93
0103-3638,0.12
0103-1813,0.38
0102-7735,0.03
0102-8758,0.09
0102-5430,0.12
0102-6712,0.85
0103-183X,0.0
0102-5767,0.38
0103-1538,0.13
0102-7077,0.1
0103-2178,0.11
0103-3948,0.0
0102-8308,0.18
0103-3123,0.62
0102-8464,0.14
0103-0620,0.0
0103-1090,0.11
0103-4065,0.12
0102-6437,0.02
0103-8478,0.59
0103-5053,0.78
0104-1169,0.68
0103-9733,2.28
0104-0707,0.58
0103-9016,0.98
0104-1290,0.62
0103-9954,0.75
0103-5355,0.33
0103-6440,1.61
0103-7331,0.53
0104-1428,1.28
0103-846X,1.3
0104-0014,1.1
0103-7013,0.18
0103-507X,0.0
0104-1282,0.8
0103-7307,0.13
0103-6564,0.42
0103-5150,0.46
0103-6513,1.68
0103-863X,0.54
0103-5118,0.03
0103-4111,0.14
0104-1010,0.0
0104-0588,0.17
0103-636X,0.49
0103-6971,0.16
0103-6122,0.23
0103-7706,0.11
0104-0618,0.51
0103-5371,0.1
0104-1037,0.06
0103-8842,0.06
0103-4332,0.02
0103-5665,0.0
0103-8699,0.09
0103-8486,0.2
0103-7978,0.17
0103-409X,0.0
0109-5641,2.32
0104-4230,1.26
0105-2896,9.68
0112-1642,7.54
0105-6263,0.0
0104-5970,0.16
0104-4060,0.26
0104-6632,1.53
0104-3579,0.08
0120-0488,0.27
0104-754X,0.29
0104-7809,0.12
0120-0534,0.9
0104-530X,0.78
0104-6829,0.12
0104-3552,0.28
0104-7795,0.05
0104-7043,0.19
0104-8740,0.05
0104-4036,0.66
0120-0011,2.03
0104-8481,0.05
0104-8775,0.04
0104-5962,0.17
0104-236X,0.11
0104-9712,0.08
0104-3757,0.12
0104-639X,0.1
0104-3293,0.22
0104-9224,0.89
0104-1886,0.01
0104-8929,0.02
0104-6497,0.67
0104-4931,0.0
0104-2777,0.08
0104-6330,0.0
0104-4486,0.0
0104-6578,0.33
0104-3463,0.0
0104-7841,0.04
0140-6736,18.54
0146-0404,3.37
0141-8130,8.07
0146-9592,3.07
0148-396X,0.87
0160-5682,2.19
0144-8420,0.94
0147-8389,1.03
0148-7299,0.0
0143-4004,1.01
0145-482X,0.61
0143-005X,2.61
0143-5221,4.46
0144-3615,1.82
0140-0118,3.25
0145-2134,3.02
0148-6071,2.23
0143-2885,4.12
0137-5881,2.58
0143-7496,3.78
0129-1831,1.03
0145-8876,2.54
0148-5598,7.6
0147-9563,1.79
0161-2840,1.77
0141-9838,0.92
0161-4754,0.53
0145-5680,1.84
0129-167X,0.53
0120-4157,0.79
0120-8322,0.52
0149-6085,2.58
0149-0451,2.62
0120-5307,1.64
0139-3006,0.76
0124-0064,1.56
0120-2812,0.97
0121-4500,0.91
0121-215X,1.13
0120-9965,1.36
0169-4332,5.83
0168-8278,2.03
0167-577X,2.48
0167-5273,2.24
0167-7322,5.91
0163-2116,1.67
0165-0327,4.45
0161-6420,3.34
0161-8105,0.66
0167-6369,3.89
0168-3659,9.71
0166-4328,2.7
0168-1656,3.62
0165-1781,4.14
0166-1280,0.0
0165-5876,1.29
0162-0134,2.42
0165-2478,2.64
0165-0114,2.42
0165-0270,2.62
0163-4984,3.25
0166-8641,0.39
0167-594X,2.71
0168-1702,3.45
0165-2370,6.47
0166-445X,4.25
0167-7012,1.63
0167-1987,6.84
0167-4943,4.23
0165-7380,1.61
0167-9899,0.0
0169-8141,3.18
0166-4972,7.85
0161-813X,2.67
0165-1838,0.0
0165-2125,2.33
0167-8396,1.64
0162-3109,0.0
0162-2889,2.32
0165-0521,0.57
0195-9131,0.43
0195-668X,2.62
0190-9622,1.1
0194-911X,3.05
0196-8904,11.2
0175-7598,6.34
0223-5234,5.59
0198-8859,0.95
0196-6553,1.07
0217-9792,2.19
0217-751X,1.16
0170-0839,3.85
0195-6663,3.6
0217-7323,1.34
0195-6701,2.41
0192-8651,2.54
0192-0790,1.87
0172-0643,1.08
0250-7005,1.42
0197-4572,2.08
0250-4707,2.03
0172-4622,4.8
0171-2985,1.69
0213-9111,0.28
0172-2190,2.62
0250-6807,1.96
0179-1613,0.9
0190-6011,4.14
0195-6671,1.51
0175-7571,1.42
0251-5350,2.43
0191-3123,1.08
0187-893X,0.52
0212-4521,0.76
0219-1997,0.82
0211-5638,0.1
0189-6725,0.84
0188-8145,1.34
0185-3325,0.73
0212-8799,0.22
0255-5476,2.22
0272-9172,0.0
0272-8842,5.5
0263-6352,0.55
0257-8972,6.65
0268-3768,3.66
0273-1223,3.72
0278-2391,0.9
0254-0584,5.19
0268-1161,1.47
0277-5387,2.45
0263-8762,6.95
0278-6915,2.74
0261-5614,5.38
0264-1275,5.47
0266-4356,0.47
0260-8774,5.15
0275-004X,1.4
0268-3369,2.96
0273-2289,2.74
0268-2575,3.0
0278-4297,1.3
0256-7040,1.12
0254-6299,2.94
0268-2605,4.68
0254-5330,3.38
0264-0414,2.73
0278-5846,3.41
0264-2751,6.41
0266-8254,2.05
0271-3683,1.62
0271-5333,3.18
0268-8921,2.4
0263-2136,1.51
0270-1367,1.46
0272-4634,1.3
0278-0240,0.97
0267-8179,1.66
0260-7476,1.83
0254-9247,0.39
0302-9743,1.44
0305-1048,14.71
0304-8853,2.59
0304-3940,1.86
0306-4522,2.58
0295-5075,1.98
0301-0104,2.51
0302-766X,2.58
0301-2115,1.38
0304-4165,2.78
0305-7364,2.93
0301-4851,3.12
0300-5771,4.35
0300-8177,4.02
0300-9084,2.84
0304-4017,2.34
0303-7207,3.38
0300-0664,1.97
0303-8467,1.9
0306-3674,5.52
0303-6979,4.86
0300-9475,1.65
0305-1870,1.84
0300-8584,2.49
0300-8916,0.98
0301-472X,0.72
0300-8126,3.79
0301-486X,2.9
0305-0270,2.18
0300-5577,1.53
0306-4565,2.61
0279-5442,1.01
0301-4460,1.98
0302-282X,2.76
0304-419X,6.81
0300-9831,1.59
0301-0406,0.17
0303-7657,0.43
0304-2847,1.4
0304-2685,0.13
0361-1981,1.78
0340-6245,2.92
0363-6135,2.95
0340-5354,4.26
0340-6199,2.41
0364-5134,4.69
0306-5251,2.15
0363-6119,1.88
0306-8919,4.57
0309-0167,2.81
0344-0338,4.14
0309-1740,5.56
0362-2525,1.16
0343-8651,2.31
0344-5704,2.13
0341-2695,2.34
0340-7004,5.08
0315-162X,1.02
0334-018X,0.91
0340-0131,2.84
0308-521X,5.3
0344-5607,1.84
0363-3624,1.11
0360-3997,4.78
0342-5282,1.14
0360-1234,1.75
0340-2096,0.83
0363-0269,0.73
0363-0242,1.66
0361-7734,1.88
0309-524X,1.95
0360-2532,4.17
0361-6525,1.06
0361-073X,1.14
0311-5518,2.19
0327-9545,1.61
0326-7091,0.06
0328-820X,0.02
0352-9568,1.69
0306-5456,0.0
0370-2693,4.14
0375-9601,2.7
0378-7753,7.22
0370-1972,1.8
0378-1097,1.68
0378-4371,2.79
0378-1119,2.79
0378-5173,6.07
0378-8741,4.96
0377-0427,1.83
0378-7796,4.08
0378-5122,2.13
0377-0486,1.7
0390-6078,1.64
0377-8401,2.35
0378-3782,1.96
0531-5565,3.68
0378-4320,1.88
0367-326X,2.31
0378-1909,1.36
0365-0596,1.59
0378-7346,2.09
0370-4106,0.0
0370-4661,0.42
0390-6663,1.02
0482-5004,0.0
0370-6583,0.61
0378-1844,0.11
0392-2936,0.34
0440-6605,0.76
0511-9618,0.86
0375-0906,0.15
0379-4350,0.97
0391-2078,2.72
0390-5616,1.04
0394-6169,0.94
0394-6975,0.47
0375-0183,0.69
0366-0567,0.0
0425-4082,0.04
0732-183X,1.49
0735-1097,1.06
0743-7463,4.32
0753-3322,7.74
0721-832X,2.16
0731-7085,3.21
0587-4246,0.7
0737-0806,0.66
0724-8741,3.42
0739-1102,2.51
0737-4038,8.06
0732-8893,1.72
0733-9372,1.5
0735-7044,1.78
0737-3937,2.91
0735-0414,1.78
0722-4060,1.33
0717-9367,0.45
0736-2935,0.18
0742-0528,1.97
0721-7595,3.61
0730-4625,0.75
0733-9496,2.09
0748-1187,1.58
0733-4648,1.56
0739-9332,1.24
0738-0151,0.84
0718-560X,1.0
0717-3458,3.21
0736-5829,1.45
0716-1549,0.31
0720-213X,0.76
0560-4613,0.31
0576-9787,1.24
0717-6945,0.72
0717-2079,0.33
0717-6767,0.0
0718-0306,0.0
0716-4491,0.05
0718-7475,0.0
0849-6757,0.0
0888-5885,3.87
0885-8993,4.59
0884-1616,2.42
0885-3924,0.85
0832-610X,2.32
0885-8977,3.4
0888-7543,3.02
0770-3198,1.89
0767-0974,0.38
0887-3585,1.95
0882-4010,3.42
0889-1575,4.72
0889-2229,1.21
0883-9441,1.58
0886-022X,3.61
0785-3890,3.62
0891-4222,2.85
0873-2159,0.0
0765-1597,0.61
0885-0666,1.95
0891-5520,2.83
0891-2963,1.27
0885-8624,4.31
0870-2551,0.84
0882-0139,2.21
0887-7963,1.62
0882-8245,1.53
0778-7367,2.79
0792-4259,0.57
0887-2171,1.1
0860-021X,3.08
0874-0283,0.29
0885-1158,0.93
0871-4657,0.15
0874-2049,0.5
0871-9187,0.65
0871-018X,0.0
0870-1741,0.08
0873-1152,0.17
0892-6638,2.95
0925-8388,5.64
0923-7534,1.43
0921-4526,3.58
0925-4005,7.73
0921-4534,1.51
0926-6690,6.16
0926-860X,3.29
0925-3467,5.26
0920-5861,5.22
0921-5107,5.11
0924-8579,3.8
0894-9115,1.38
0925-5273,8.78
0905-7161,3.35
0899-9007,2.43
0902-4441,1.82
0902-0063,1.48
0921-4488,1.5
0920-4741,5.07
0893-3952,6.68
0895-9811,1.56
0904-2512,1.49
0897-3806,1.99
0915-5287,0.79
0909-8836,1.29
0920-1742,2.72
0920-5063,3.35
0925-1022,1.1
0921-9668,3.16
0894-1130,1.03
0891-6934,4.21
0925-4692,4.51
0897-1897,2.22
0892-7014,2.21
0926-7220,3.75
0906-6691,1.53
0914-7470,2.24
0895-2779,1.59
0899-0220,0.72
0944-1344,5.59
0950-0618,8.83
0946-2716,4.3
0927-7757,5.18
0932-0067,2.79
0945-6317,2.15
0950-1991,3.43
0930-2794,2.91
0926-9959,3.04
0927-7765,4.8
0932-0113,2.31
0951-4198,1.63
0927-0256,3.66
0931-041X,1.99
0941-4355,1.76
0950-5423,4.46
0944-7113,8.05
0928-0987,3.98
0933-7407,3.31
0930-7516,1.73
0929-8673,2.53
0937-3462,1.42
0928-0707,4.56
0948-6143,2.56
0947-7349,1.61
0948-5023,3.18
0930-1038,1.82
0939-4753,2.82
0951-3590,2.37
0931-2048,1.32
0939-4451,4.27
0952-3871,2.02
0928-4680,3.11
0946-672X,3.61
0943-1853,1.23
0931-2250,2.61
0952-8091,0.16
0931-2668,1.58
0929-6441,0.48
0944-2006,1.35
0959-6526,11.97
0959-8049,2.47
0953-8984,2.21
0960-894X,1.97
0957-4174,6.63
0960-1481,8.93
0960-0779,5.46
0953-816X,2.48
0956-7135,6.44
0960-8923,2.56
0954-6111,2.01
0953-2048,2.99
0954-4062,1.65
0959-3330,1.85
0952-8369,1.46
0959-8103,2.3
0954-3899,2.41
0961-2033,1.86
0957-4530,2.99
0960-3115,2.95
0958-0670,2.3
0954-0121,1.18
0960-8931,1.74
0959-4973,1.87
0957-5243,1.29
0960-3271,3.01
0954-6928,1.29
0961-5423,0.7
0959-8278,2.44
0958-7578,0.82
0953-7287,6.13
0959-3985,1.31
0960-3123,1.87
0959-9851,2.42
0954-0261,2.52
0958-2592,1.19
0959-3543,1.74
0959-9673,1.28
0954-0105,5.78
0959-2709,2.31
1022-6680,4.66
1007-9327,3.68
0968-0896,2.75
1010-6030,3.72
0966-6362,1.32
0967-5868,1.49
0962-1067,3.07
0962-8436,9.04
0981-9428,5.17
0963-8288,1.89
0961-9534,4.76
0969-2126,4.37
0962-9351,2.06
0973-1482,1.31
0963-7486,3.65
0968-0160,1.64
0962-1105,3.07
0965-1748,2.67
0967-3334,2.56
1020-4989,1.56
0967-6120,3.2
0965-2299,3.25
1021-7770,12.98
0964-3397,3.22
1015-1621,2.36
0997-7546,1.84
1022-6508,0.96
0971-9202,0.41
0972-1525,2.19
0972-124X,0.64
0969-997X,1.35
0971-7196,1.07
0962-8827,0.43
1015-2008,1.17
1008-9969,0.0
0966-7903,0.91
0972-9062,1.03
1011-2251,0.27
1011-484X,0.31
0974-0333,1.64
1029-8479,5.2
1058-4838,5.21
1046-6673,0.42
1048-891X,0.52
1059-9495,1.75
1026-8022,1.49
1043-6618,10.12
1043-4666,3.23
1040-0397,2.18
1052-3057,2.66
1023-3830,4.42
1047-9511,0.72
1051-9815,1.09
1059-910X,2.73
1050-7256,5.88
1058-0468,2.24
1046-7408,2.45
1059-1311,2.26
1040-8428,5.23
1042-0533,1.54
1057-0829,2.1
1055-6656,1.17
1040-6387,1.24
1060-1325,2.22
1027-3719,1.36
1056-8727,2.76
1040-7278,4.17
1040-872X,2.45
1050-6411,2.1
1053-8127,1.29
1024-5332,1.79
1023-6198,1.02
1045-1056,2.7
1036-1073,1.81
1046-3976,4.6
1054-7738,1.6
1061-3749,0.5
1055-4181,1.14
1040-841X,6.78
1026-7999,1.43
1091-8213,0.09
1064-3745,1.14
1068-9265,1.6
1089-7798,2.91
1064-8011,2.03
1082-0132,1.22
1071-3581,1.41
1072-3714,2.56
1089-9472,0.94
1082-6084,1.2
1076-1608,1.02
1063-5157,5.9
1092-7875,1.49
1093-3263,2.36
1084-9521,4.33
1076-1551,7.46
1079-9907,1.55
1080-7039,1.79
1079-9796,1.74
1092-9134,1.42
1092-8758,2.11
1064-1963,3.81
1072-4133,2.49
1076-6294,1.33
1061-3773,2.93
1088-1913,3.1
1085-9489,1.62
1063-8652,1.08
1074-9357,1.87
1080-0549,7.79
1062-0303,0.88
1074-7931,1.03
1064-7449,1.0
1066-9817,1.47
1071-412X,0.0
1083-3196,0.66
1064-1955,2.92
1087-1640,1.61
1091-367X,1.08
1064-9506,1.23
1098-0121,0.0
1175-5326,0.57
1101-1262,0.41
1144-0546,2.58
1201-9712,2.23
1099-0682,1.63
1179-3155,0.54
1096-7192,0.63
1095-6433,2.19
1097-0339,0.77
1120-8694,0.55
1120-6721,1.16
1094-7159,0.47
1096-4959,2.34
1099-0062,0.0
1121-8428,2.11
1176-9106,3.14
1094-2912,3.99
1129-7298,1.44
1176-9092,3.17
1219-4956,3.64
1172-7047,6.46
1093-5266,0.72
1179-1411,1.36
1134-3478,2.18
1098-8823,3.24
1229-845X,1.76
1138-7416,2.41
1138-1728,0.29
1175-3277,3.63
1130-1406,1.6
1179-5549,2.67
1177-9322,2.56
1178-7058,1.86
1139-9287,1.72
1137-2729,0.07
1134-4539,0.04
1179-1543,5.96
1179-5735,2.47
1177-9314,0.0
1364-8535,7.06
1368-5031,0.85
1367-2630,2.91
1353-8020,1.49
1328-8067,0.47
1364-5072,2.69
1290-0729,4.8
1359-5113,5.07
1313-2970,1.13
1368-9800,2.51
1362-4393,1.64
1369-703X,3.42
1369-3786,3.59
1364-5021,2.32
1320-5358,1.33
1364-727X,2.07
1342-937X,5.47
1323-1650,1.85
1360-8592,1.35
1286-4579,3.31
1360-7863,2.15
1381-1177,0.0
1347-8613,2.6
1279-7707,4.47
1286-0115,0.58
1230-2821,1.3
1322-7114,1.88
1354-750X,2.13
1319-2442,0.07
1350-4622,3.61
1319-6103,5.52
1350-6129,3.21
1343-8786,0.26
1324-4272,1.21
1358-2267,1.46
1362-0436,2.73
1367-5567,4.81
1309-0380,0.78
1280-9659,0.87
1331-1441,1.29
1383-5866,8.77
1388-6150,4.14
1387-7003,5.62
1389-9457,1.12
1387-2877,2.73
1381-6128,2.57
1387-585X,4.3
1388-2481,4.1
1388-0764,3.56
1386-6532,3.19
1382-6689,3.46
1383-5718,2.39
1383-5769,1.42
1398-2273,1.57
1381-1991,3.56
1413-7054,1.23
1413-3555,0.66
1413-2478,0.34
1389-9600,2.17
1413-7852,0.52
1413-4152,0.62
1413-7372,0.35
1385-2256,6.24
1389-2029,5.91
1413-389X,0.0
1409-4258,0.99
1413-294X,1.97
1413-6538,0.52
1405-9436,0.23
1413-3482,0.42
1413-0939,0.02
1413-7321,0.09
1409-0724,0.37
1413-0416,0.05
1413-3342,0.0
1409-4568,0.54
1413-3024,0.12
1413-4063,0.21
1413-2087,0.0
1413-1498,0.06
1413-8123,0.98
1413-8670,0.14
1414-7327,0.0
1414-3283,0.77
1414-8536,0.3
1414-8145,0.44
1414-9893,0.33
1413-9596,0.27
1413-7895,0.07
1414-381X,1.13
1414-526X,0.68
1415-076X,0.23
1414-5731,0.09
1413-8557,0.3
1414-753X,0.38
1414-3984,0.38
1414-7564,0.07
1413-8271,0.24
1415-0980,0.71
1413-9936,0.73
1414-7416,0.14
1414-0543,0.91
1415-1928,0.05
1413-9855,0.2
1414-5138,0.12
1414-8862,1.26
1414-462X,0.63
1414-4077,0.35
1414-4980,1.07
1414-512X,0.16
1414-3518,0.14
1415-2150,0.32
1413-8638,0.26
1414-5235,0.24
1414-6312,0.05
1414-4190,0.01
1414-722X,0.22
1414-7165,0.06
1414-4425,0.47
1414-6975,1.15
1422-0067,5.97
1424-8220,4.65
1420-3049,5.43
1431-9276,0.63
1432-7643,1.98
1424-8247,5.4
1432-2234,1.82
1432-8488,3.19
1432-6981,3.7
1424-2818,2.0
1431-6730,2.45
1415-4366,1.28
1420-4096,1.74
1415-4757,1.38
1415-790X,0.9
1415-4714,0.11
1415-5273,0.81
1415-8876,0.58
1415-4676,0.06
1415-8264,0.32
1415-7128,0.11
1415-9805,0.18
1415-8426,0.21
1415-2177,0.0
1415-8167,0.05
1415-7713,0.3
1415-8175,0.13
1415-2762,0.42
1415-9945,0.04
1415-2843,0.13
1415-9104,0.06
1415-8973,0.03
1415-7314,0.12
1415-9848,0.36
1432-4385,1.45
1415-837X,0.0
1415-5796,0.0
1415-5893,0.14
1415-398X,0.0
1415-7977,0.0
1463-9076,3.28
1471-2458,4.22
1464-780X,6.69
1462-0324,2.09
1434-6044,4.72
1471-2407,3.58
1471-2164,4.01
1472-6963,3.46
1433-9277,0.28
1471-2334,2.78
1470-1626,3.51
1439-6319,2.43
1471-2474,2.73
1440-2440,1.89
1471-2393,2.61
1471-2431,2.18
1447-0756,1.26
1471-2180,3.82
1471-2369,2.56
1444-1586,1.65
1436-6207,3.45
1467-3037,3.99
1442-9985,1.17
1471-4922,3.14
1432-8917,2.17
1462-2416,1.56
1449-1907,3.24
1467-3010,3.07
1438-4639,3.35
1472-684X,3.46
1466-853X,1.92
1438-793X,3.37
1464-7141,4.35
1466-0970,0.81
1471-2172,2.92
1447-073X,1.21
1472-8923,0.18
1450-104X,1.17
1435-5930,2.8
1450-5959,0.38
1477-9226,3.19
1476-4954,1.59
1473-3099,10.99
1513-7368,1.59
1473-2130,2.8
1473-0502,0.7
1516-1439,1.07
1476-511X,7.12
1474-5151,1.59
1477-7525,3.02
1473-7140,2.5
1472-9792,2.14
1476-9271,2.77
1476-4431,0.95
1477-9072,1.83
1516-1846,0.14
1516-3180,1.02
1477-7835,4.16
1473-3145,1.61
1476-3141,1.59
1474-8185,1.95
1476-4172,1.28
1476-0711,6.0
1514-3465,0.16
1516-3210,0.1
1516-2168,0.24
1516-3083,0.02
1516-3687,0.24
1516-1498,0.26
1516-084X,0.34
1516-3717,0.0
1479-389X,0.35
1516-0858,0.22
1516-0939,0.56
1516-3091,0.04
1514-0105,0.09
1516-2567,0.1
1516-2664,0.17
1516-0785,0.08
1516-1579,0.08
1516-6600,0.2
1516-8913,1.4
1516-4446,0.87
1516-3725,0.66
1517-3852,0.48
1516-8484,0.0
1517-1949,0.15
1516-7313,0.35
1517-0276,0.0
1517-0306,0.17
1517-6398,0.79
1516-7275,1.98
1516-4136,0.31
1516-4896,0.5
1517-106X,0.03
1517-2473,0.2
1516-5388,0.18
1517-5545,0.16
1516-7704,0.72
1517-6312,0.08
1516-4381,0.34
1516-8034,0.0
1517-1256,0.14
1517-1000,0.22
1517-395X,0.15
1517-1108,0.02
1516-9375,0.0
1517-591X,0.0
1517-4492,0.11
1517-0241,0.06
1516-9286,0.02
1516-8182,0.17
1517-6770,0.0
1517-6096,0.11
1517-3941,0.17
1517-1914,0.0
1516-4020,0.05
1516-7356,0.0
1516-5477,0.11
1517-4689,0.04
1517-8382,2.22
1517-7076,1.65
1517-8692,18.0
1518-1634,0.48
1518-9740,0.1
1517-9702,0.42
1518-5370,0.12
1519-0501,0.56
1518-3483,0.09
1518-7853,0.63
1518-1944,0.35
1518-5648,0.09
1519-1125,0.19
1519-1540,0.51
1518-5192,0.07
1518-7632,0.34
1517-9869,0.05
1518-367X,0.6
1517-7874,0.0
1517-9699,0.05
1518-2002,0.16
1518-7934,0.13
1518-6369,0.14
1518-8795,0.38
1518-7640,0.13
1518-4684,0.04
1519-0919,0.05
1517-9443,0.0
1519-1397,0.29
1518-2886,0.06
1518-2851,0.1
1518-1243,0.06
1517-848X,0.22
1518-9325,0.2
1517-7947,0.17
1518-8221,0.13
1519-2512,0.0
1517-8048,0.69
1518-9341,0.03
1518-3408,0.0
1520-5207,3.19
1522-1601,2.87
1522-1946,0.91
1525-4135,2.22
1525-5050,2.44
1525-8610,1.84
1521-6616,2.6
1519-6984,0.86
1520-4081,2.72
1522-7235,2.77
1520-9512,1.94
1524-1602,1.23
1524-9557,2.02
1524-9042,1.21
1519-566X,1.69
1525-1578,2.75
1523-3804,6.3
1524-8380,4.95
1519-3829,0.36
1519-6089,0.38
1519-8928,1.19
1519-387X,0.05
1519-3322,0.11
1519-7778,0.07
1519-5902,0.26
1519-4183,0.05
1519-7859,0.01
1519-874X,0.4
1519-8421,0.0
1519-6569,0.02
1519-3993,0.11
1519-9894,0.07
1519-275X,0.06
1519-7611,0.14
1519-5392,0.12
1519-6240,0.0
1519-4906,0.64
1519-3640,0.18
1519-5287,0.14
1519-955X,0.25
1552-5260,1.76
1535-3699,2.26
1530-437X,3.62
1539-3755,0.0
1533-4880,0.0
1547-5271,1.04
1536-1276,7.08
1552-4825,1.25
1545-5009,1.42
1549-9618,4.92
1550-7289,0.73
1537-744X,3.13
1549-9596,4.66
1526-498X,3.01
1548-0992,1.97
1541-6933,2.36
1532-0456,3.05
1551-7144,1.56
1543-3080,1.77
1527-7941,1.22
1526-8209,2.22
1550-7033,0.64
1536-7290,2.71
1530-3667,1.53
1545-9683,3.24
1526-954X,1.34
1532-2998,2.8
1551-3815,0.61
1549-5418,0.0
1536-2310,2.33
1541-1389,0.16
1538-9472,0.75
1550-0594,1.61
1536-1365,2.15
1550-8943,0.0
1539-4492,1.33
1543-8627,1.43
1547-2442,2.93
1543-3633,0.56
1550-8579,0.0
1556-5068,0.21
1572-6657,3.98
1567-5769,5.31
1568-4946,5.77
1553-7366,5.0
1556-7036,2.23
1559-047X,0.46
1555-9475,1.35
1572-1000,1.73
1554-8929,3.42
1567-1348,2.39
1552-5430,0.15
1566-0702,2.37
1569-9048,1.5
1556-679X,0.0
1567-5394,3.76
1555-0265,2.64
1559-2723,2.26
1558-9447,1.44
1558-7673,2.31
1568-1637,15.6
1566-2543,5.42
1573-3882,3.23
1558-7878,1.46
1573-3149,2.08
1559-8276,1.79
1574-4647,0.0
1570-162X,0.88
1569-5794,1.55
1556-3707,0.26
1553-3840,1.17
1557-1858,2.79
1571-5744,0.83
1573-6105,3.97
1571-5124,1.96
1571-4675,0.0
1574-8928,1.66
1573-1782,1.32
1560-909X,0.13
1569-1861,1.44
1660-4601,3.05
1600-5368,0.0
1662-5161,3.16
1590-1874,1.9
1660-8151,1.53
1612-1872,2.67
1613-4125,3.27
1579-1726,1.04
1662-5153,3.22
1594-0667,5.09
1663-2818,2.57
1591-8890,4.71
1615-7591,4.34
1600-4469,4.77
1661-8556,3.08
1646-2890,0.13
1598-9992,1.05
1590-4261,5.41
1616-5047,1.42
1610-3653,27.96
1640-5544,2.8
1614-2942,2.12
1609-0985,2.18
1657-5830,0.0
1657-9267,0.4
1642-431X,2.19
1645-0523,0.39
1662-680X,0.46
1660-2129,0.0
1645-0086,0.59
1577-0354,0.0
1657-5997,0.7
1578-665X,5.39
1643-8876,0.87
1646-107X,0.0
1659-0104,0.25
1646-9895,0.35
1647-2160,0.09
1643-8698,0.0
1612-7617,1.0
1664-3224,4.97
1664-302X,4.9
1664-462X,4.9
1663-9812,4.52
1664-2295,2.72
1664-042X,3.56
1664-8021,2.58
1676-5680,0.1
1663-4365,4.34
1674-1137,2.4
1676-546X,0.3
1665-2681,1.33
1674-2001,3.42
1676-4285,0.21
1676-3041,0.15
1676-2584,0.09
1676-2592,0.22
1676-2444,0.0
1676-1901,0.38
1676-689X,1.0
1676-8329,0.62
1676-5435,0.18
1676-9732,0.32
1676-8019,0.1
1676-188X,0.16
1676-1871,0.11
1676-1030,0.36
1676-5443,0.07
1666-485X,0.08
1676-1995,0.35
1676-3939,0.47
1676-8868,0.46
1676-8485,0.41
1676-2649,0.0
1677-0234,0.09
1665-2436,0.33
1676-6806,0.0
1676-0727,0.04
1676-3793,0.1
1676-1669,0.11
1678-5878,2.75
1677-5538,2.91
1678-0345,0.12
1678-7757,2.46
1678-6343,0.19
1679-4508,0.78
1677-3861,0.15
1679-3749,0.05
1677-5449,0.68
1677-5090,0.09
1678-7544,0.76
1677-1303,0.17
1678-9180,1.98
1678-5428,0.13
1677-1028,0.04
1678-2410,0.3
1678-5622,0.1
1678-6602,0.0
1677-1168,0.0
1677-2334,0.17
1679-4435,0.42
1677-8510,0.12
1678-765X,0.73
1679-2009,0.11
1679-2300,0.5
1678-166X,0.19
1677-6097,0.13
1679-348X,0.01
1679-3404,0.03
1677-0471,0.0
1679-3390,0.0
1677-9061,0.0
1677-9770,0.08
1678-8346,0.06
1677-2970,0.0
1679-1983,0.28
1678-698X,0.0
1677-9762,0.12
1679-4311,0.0
1677-7298,0.17
1696-8352,0.17
1735-1472,3.76
1701-2163,0.91
1687-8132,2.73
1699-048X,2.36
1687-9686,2.13
1710-3568,1.27
1734-1140,3.6
1715-5312,2.57
1698-4447,1.97
1687-966X,1.94
1687-9627,0.53
1679-4974,0.25
1687-5443,1.59
1726-4634,1.01
1679-9275,0.51
1710-1484,2.84
1679-6225,1.55
1679-9283,0.39
1679-7817,1.01
1695-6141,0.9
1687-157X,2.62
1692-715X,4.2
1680-743X,1.22
1679-768X,0.08
1732-3991,1.05
1679-9291,0.31
1679-7930,0.0
1687-9589,1.14
1688-4094,0.63
1728-869X,3.08
1679-4605,0.01
1679-8171,5.39
1679-5679,0.11
1679-7388,0.0
1726-037X,0.0
1726-3255,0.3
1688-2873,0.0
1688-7026,0.42
1688-535X,0.0
1742-6588,0.46
1741-427X,1.38
1748-0221,1.32
1745-6215,2.08
1746-8094,4.54
1752-1947,0.95
1745-2473,10.78
1751-6161,3.82
1748-670X,0.0
1742-4801,2.07
1742-5662,3.7
1745-5863,2.15
1747-6585,1.3
1752-8054,4.22
1748-6041,3.88
1744-3121,1.05
1751-7907,6.32
1746-0913,2.72
1746-1596,3.66
1750-743X,2.14
1748-3107,1.58
1752-0363,1.88
1742-7967,0.33
1741-1645,0.36
1744-3881,2.89
1741-038X,8.78
1741-0541,1.15
1750-9378,2.57
1752-458X,2.73
1751-7575,4.17
1746-4358,2.94
1751-8423,1.17
1746-0689,1.22
1744-6961,0.6
1746-160X,3.14
1742-3953,0.89
1740-2522,0.0
1740-8822,0.44
1750-6166,3.61
1749-7728,3.85
1792-1074,1.98
1759-9660,2.53
1756-0500,1.66
1756-3305,3.67
1792-8036,2.24
1755-4535,2.16
1806-8324,1.88
1806-3713,1.05
1756-8919,3.0
1806-3845,0.05
1806-1117,0.42
1758-2229,2.98
1806-1222,0.19
1758-1869,1.23
1806-3365,0.14
1759-7269,2.63
1806-2636,0.36
1754-2731,4.6
1806-2563,0.5
1755-7682,0.0
1806-6356,0.09
1757-4749,4.61
1806-6755,0.25
1806-6976,0.13
1755-2540,0.54
1806-0013,0.0
1794-4724,0.2
1806-3993,0.04
1806-6720,0.96
1757-9597,1.33
1806-8405,0.52
1806-5104,0.35
1806-4906,0.11
1806-2695,0.1
1806-1362,0.13
1806-2490,0.03
1806-9495,0.0
1806-5627,0.09
1806-9509,0.0
1806-6062,0.0
1807-5932,1.72
1807-0302,2.13
1808-8686,1.24
1809-0583,0.11
1808-2793,0.29
1807-5053,0.31
1808-1851,0.14
1809-0044,0.17
1807-5509,0.06
1808-270X,0.2
1808-3781,0.13
1807-2194,0.03
1809-0249,0.27
1808-0448,0.0
1808-2386,0.7
1807-3859,0.01
1808-9569,0.24
1808-6136,0.08
1808-6578,0.08
1808-5385,0.02
1807-0221,0.07
1807-989X,0.03
1808-4524,0.78
1808-6195,0.13
1808-8023,0.41
1808-1355,0.03
1808-0251,0.0
1807-1821,0.15
1807-7307,0.19
1808-6020,0.0
1807-8338,0.16
1809-0257,0.48
1807-8214,0.04
1808-8058,0.15
1807-6971,0.02
1807-1325,0.21
1808-6764,0.19
1806-9652,0.08
1808-2653,0.05
1808-2327,0.0
1865-0929,0.54
1862-6300,1.63
1836-0939,1.4
1809-127X,0.45
1835-2693,0.55
1863-2653,2.45
1809-6107,1.68
1809-4864,1.1
1809-9475,0.27
1824-7490,0.95
1838-675X,1.72
1865-1550,1.57
1865-1372,1.99
1809-9823,0.63
1844-4172,0.85
1809-2950,0.16
1809-5909,0.43
1864-5909,3.43
1809-4031,0.45
1809-6077,0.1
1842-077X,0.16
1809-5208,0.36
1809-3876,0.31
1809-6271,0.12
1809-7286,0.15
1809-3957,0.16
1809-8215,0.3
1809-5844,0.06
1809-614X,0.22
1809-6867,0.0
1852-9488,0.25
1855-7171,0.36
1809-0761,0.15
1817-4221,0.18
1809-1636,0.42
1809-3760,0.15
1809-4635,0.02
1850-9959,0.71
1809-1768,0.0
1809-5747,0.0
1877-0428,0.0
1878-8750,1.99
1876-6102,0.0
1866-6280,3.67
1876-7605,2.43
1877-0657,1.57
1871-6784,1.41
1871-1413,1.8
1878-8181,4.79
1873-5061,0.67
1871-5206,1.84
1872-9312,1.14
1871-403X,1.3
1913-9020,0.6
1878-786X,0.01
1877-959X,2.49
1868-7075,4.97
1867-1306,4.03
1878-6146,2.51
1876-7583,2.35
1867-1616,1.39
1866-9956,6.1
1870-0462,0.43
1867-2477,2.03
1876-7931,1.65
1871-1502,2.37
1876-2883,2.01
1885-5709,0.34
1885-8643,0.6
1888-7546,0.18
1887-4606,0.14
1871-5230,2.17
1874-7876,1.1
1874-4346,1.61
1875-399X,1.43
1872-2148,0.0
1909-9711,0.98
1874-3579,0.0
1874-8384,0.0
1874-0790,0.0
1932-6203,2.84
1944-8244,7.68
1932-7447,3.45
1944-3986,7.68
1948-7185,4.32
1935-2727,3.5
1934-1482,0.63
1942-0900,1.0
1929-0748,1.34
1932-8486,1.85
1933-7191,2.89
1935-5130,4.98
1916-9752,0.35
1936-9751,2.3
1944-7442,1.96
1939-4551,2.99
1972-2680,1.49
1949-2448,0.51
1916-9736,0.45
1949-0976,14.68
1941-6628,1.94
1948-5182,2.23
1925-4040,0.28
1939-1234,3.29
1935-9772,2.96
1980-0118,0.19
1958-9212,0.16
1939-795X,1.09
1976-1457,1.83
1934-2659,0.89
1939-7038,5.25
1980-055X,0.46
1944-3277,0.0
1939-0211,3.16
1941-1243,0.95
1936-6582,2.83
1936-3761,1.85
1934-5259,0.33
1935-9756,1.66
1942-0986,0.0
1981-223X,0.17
1981-982X,0.79
1981-8963,0.64
1981-1179,0.15
1981-0695,0.0
1980-9735,0.09
1981-0997,1.99
1981-6278,0.37
1980-993X,0.7
1981-8203,0.44
1980-5764,1.77
1980-5799,0.1
1981-8068,0.1
1980-2552,0.03
1980-9026,0.0
1980-1726,0.21
1981-9269,0.01
1981-4526,0.01
1980-4016,0.04
1981-1322,0.26
1981-7061,0.26
1980-7694,0.09
1980-0584,0.1
1980-1165,0.16
1981-1659,0.7
1980-5128,0.1
1980-4466,0.08
1980-3540,0.03
1980-3141,0.32
1981-3686,0.17
1980-5586,0.37
1980-9700,0.06
1981-2434,0.04
1981-5921,0.07
1981-0601,0.0
1981-9145,0.14
1981-8858,0.0
1981-5603,0.0
1980-8879,0.06
1980-1793,0.0
1982-1263,0.23
1982-5587,0.2
1982-7199,0.23
1982-131X,0.22
1983-1870,0.11
1983-0408,0.41
1982-7679,3.05
1981-9951,0.22
1982-3053,0.01
1982-1921,0.03
1982-8470,0.48
1982-1956,0.27
1983-0572,0.43
1983-1579,0.17
1982-2596,0.29
1982-3932,0.0
1982-873X,0.2
1983-0246,0.19
1982-5374,0.07
1982-8632,0.18
1982-3916,0.07
1982-7652,0.15
1982-1247,0.64
1983-3482,0.0
1982-5153,0.13
1982-4238,0.0
1982-6273,0.0
1982-7490,0.0
1982-2103,0.04
1982-3878,0.06
1982-4866,0.06
1982-2111,0.02
1983-053X,0.0
1982-8608,0.02
1983-0823,0.0
1982-1867,0.0
1982-3282,0.2
1982-792X,0.0
1982-4920,0.0
1983-3253,0.0
1984-2295,0.44
1983-5175,0.19
1983-8034,0.18
1984-3011,0.14
1983-8018,0.04
1983-6597,0.2
1983-9391,0.07
1983-4195,0.59
1984-5510,0.1
1984-2279,0.0
1983-9928,0.14
1984-428X,0.21
1984-4247,0.04
1983-4675,0.14
1983-4535,0.24
1984-0292,0.24
1984-4301,0.07
1984-3755,0.07
1983-3695,0.7
1983-3652,1.1
1983-7011,0.15
1984-6436,0.05
1984-6428,0.73
1983-6325,0.0
1983-9472,0.08
1983-4713,0.19
1984-3801,31.0
1984-3178,0.09
1984-1655,0.09
1983-4373,0.0
1983-3873,0.02
1984-252X,0.0
1984-1736,0.0
1984-3534,0.0
1984-4891,0.02
1983-5590,0.1
1983-8409,0.0
1983-442X,0.0
1983-6422,0.1
1983-6791,0.05
2045-2322,4.52
2041-1723,15.94
1996-1073,4.34
1996-1944,4.04
2044-6055,2.25
1999-4915,3.95
1999-4907,3.22
2045-7758,2.29
1999-4923,6.68
1988-7833,0.12
2042-8812,0.56
1989-4155,0.22
1988-5245,0.1
1996-0875,50.37
1989-5488,1.28
1984-6835,0.09
1984-8250,0.78
2005-9159,2.7
1988-5202,1.95
2039-439X,3.32
2043-0116,0.0
2036-7473,2.67
1984-9648,0.86
2011-2173,0.6
1984-7246,0.11
2039-4705,5.36
2008-000X,3.16
1989-6239,0.39
1984-6487,0.14
2027-4297,0.34
2036-9913,0.25
1984-6657,0.12
1991-7740,0.54
1984-817X,0.0
1984-879X,0.0
2036-7457,0.76
2011-8643,0.0
1984-9915,0.13
1984-7505,0.24
1984-8625,0.0
2071-1050,4.88
2046-2069,6.7
2072-6643,5.51
2072-6694,4.61
2073-4360,6.4
2073-4395,4.38
2075-4418,3.45
2053-1591,2.63
2073-4425,3.07
2072-666X,3.67
2073-4344,4.52
2049-0801,1.6
2072-6651,3.93
2075-4426,4.29
2054-5703,3.58
2075-1702,3.09
2050-7283,3.72
2048-8505,3.54
2050-7038,2.92
2075-4442,3.75
2075-4663,2.94
2053-3624,2.27
2050-2974,3.37
2052-1847,2.8
2057-5858,3.18
2046-2441,3.94
2047-7473,1.13
2055-0928,2.58
2075-4434,2.45
2048-6790,1.97
2054-3581,1.59
2047-7724,2.65
2056-9920,2.84
2050-0513,3.36
2055-2173,1.04
2070-2620,0.97
2056-5909,4.06
2058-3702,0.0
2053-8871,0.0
2049-9752,0.0
2076-3417,3.42
2077-0383,3.28
2076-2615,2.9
2079-4991,5.67
2076-2607,4.46
2077-0472,4.25
2076-3921,7.97
2076-393X,3.86
2079-6382,5.44
2079-4983,5.02
2079-7737,3.25
2076-0817,3.66
2076-328X,3.38
2090-9063,2.89
2079-6374,6.29
2079-9721,3.44
2090-6684,0.21
2090-6625,0.24
2093-3665,1.09
2095-4964,3.75
2090-0708,2.43
2096-5451,2.22
2090-0724,3.38
2146-8966,0.33
2145-5880,0.04
2075-6461,0.18
2077-9917,0.96
2084-8404,1.06
2090-214X,1.24
2090-6641,0.38
2147-7612,0.42
2090-2247,2.11
2090-1240,1.05
2145-4981,0.16
2090-0007,0.69
2090-2867,4.83
2090-5661,0.0
2090-4436,0.0
2075-8693,0.0
2090-5122,0.0
2168-8184,1.03
2169-3536,5.37
2167-8359,3.01
2168-0485,6.8
2158-3226,2.22
2169-7574,1.06
2169-8287,0.0
2162-2337,3.57
2152-7806,0.92
2168-6777,2.96
2166-2746,1.87
2172-038X,0.29
2151-4755,0.96
2150-1351,0.83
2157-944X,0.55
2174-2049,0.0
2155-9597,0.0
2153-2249,0.83
2162-5336,0.5
2156-8251,1.45
2165-3402,0.51
2162-1918,4.93
2161-783X,3.2
2157-7099,0.0
2161-3311,7.21
2161-623X,2.58
2175-2834,1.62
2151-1950,0.83
2153-7658,0.69
2175-1609,0.1
2148-9955,1.89
2169-5717,0.65
2160-5831,0.5
2159-5828,0.0
2149-9322,0.86
2175-0858,0.62
2164-0629,2.51
2164-2540,0.0
2174-7210,0.39
2173-1276,0.11
2177-2789,0.16
2177-4285,0.3
2175-3946,0.18
2175-6600,0.11
2176-5472,0.0
2175-7275,0.22
2177-157X,0.19
2177-6164,0.0
2176-9079,0.34
2176-4573,0.33
2176-1515,0.29
2177-5184,0.74
2177-7691,0.04
2177-8310,0.44
2175-3369,0.57
2175-3180,0.0
2176-9036,0.18
2175-7429,0.1
2176-2708,0.01
2177-093X,0.23
2176-171X,0.13
2177-6202,0.05
2177-2770,0.0
2177-6172,0.0
2176-1477,0.16
2176-6649,0.15
2177-3548,0.06
2176-2171,0.22
2177-4919,0.03
2176-5782,0.03
2175-5027,0.55
2178-1176,0.05
2176-9559,0.19
2176-7955,0.25
2175-6805,0.0
2177-6830,0.0
2177-4218,0.0
2178-0463,0.19
2175-6015,0.91
2175-4217,0.0
2190-3018,0.32
2178-2091,0.19
2178-6925,0.63
2178-9010,0.47
2190-4286,3.53
2178-7514,0.13
2179-426X,0.06
2179-7692,0.46
2184-7770,0.41
2179-6750,0.06
2178-695X,0.15
2178-7468,0.16
2178-5198,0.18
2178-227X,0.59
2178-180X,0.0
2178-843X,0.0
2178-5880,0.0
2179-2534,0.03
2183-6051,0.41
2178-1842,0.13
2178-7638,0.11
2179-8435,0.06
2179-4510,0.04
2179-4200,0.33
2178-3845,0.05
2178-7867,0.0
2179-5746,0.0
2178-2911,0.08
2178-9770,0.02
2178-6054,0.0
2179-1465,0.06
2179-2518,0.0
2179-2321,0.0
2178-258X,0.0
2179-7501,0.14
2179-1902,0.0
2179-5320,0.0
2178-4957,0.0
2179-6742,0.0
2184-982X,0.0
2194-5357,0.67
2213-2929,5.53
2214-0697,6.92
2212-8271,1.65
2212-4403,0.46
2218-273X,5.68
2191-4281,3.36
2190-5444,2.81
2211-0984,0.33
2214-7144,6.82
2193-6331,0.07
2212-4292,5.39
2190-6815,5.23
2218-1989,3.82
2211-0348,2.2
2211-9264,4.36
2192-5682,2.15
2210-7789,0.81
2211-8160,6.53
2211-7156,4.77
2218-1997,2.31
2211-3355,2.41
2190-5509,2.18
2191-1630,3.92
2212-1099,0.6
2190-5991,6.31
2212-8778,6.1
2191-0855,3.66
2191-1363,2.53
2212-6864,7.22
2193-6315,0.83
2214-4269,1.22
2195-3880,1.44
2215-017X,6.69
2213-7114,0.67
2216-0973,1.19
2210-4410,3.89
2216-0159,0.3
2214-854X,1.2
2212-8263,0.0
2234-943X,2.43
2223-7747,4.39
2227-9717,3.23
2227-9059,4.45
2227-9032,3.1
2235-2988,4.27
2227-9067,2.44
2231-3354,3.95
2224-5820,2.61
2227-9040,4.83
2224-4336,1.33
2218-6581,3.51
2231-0894,0.41
2218-4333,1.99
2236-6814,0.06
2230-9926,0.08
2236-5834,0.17
2236-1170,0.09
2236-1960,1.09
2236-2983,0.18
2236-2878,0.23
2236-918X,0.3
2236-6091,0.17
2236-5184,0.0
2231-1866,1.18
2236-532X,0.11
2236-3785,0.0
2236-3904,0.32
2236-1987,0.49
2218-7332,0.43
2236-3777,1.14
2237-1427,1.2
2236-9600,0.08
2236-3637,0.16
2236-6407,0.27
2236-1367,0.34
2237-1095,0.14
2236-7268,0.0
2236-1103,0.0
2236-885X,0.0
2237-9363,0.03
2247-8051,0.58
2254-7630,0.12
2238-8753,0.38
2238-8869,0.29
2238-913X,0.22
2238-7234,0.39
2238-2704,0.18
2238-6270,0.02
2238-8346,0.19
2238-6084,0.02
2238-3360,0.12
2237-4558,0.14
2238-8079,0.15
2237-6321,0.09
2237-1508,0.11
2237-3667,0.16
2237-5864,0.13
2238-0205,0.0
2238-1031,0.0
2237-4450,0.16
2238-0345,0.12
2237-6984,0.04
2237-4957,0.03
2238-832X,0.12
2238-9709,0.0
2238-0000,0.12
2238-717X,0.12
2237-261X,0.24
2238-6009,0.0
2237-4329,0.08
2237-6151,0.02
2248-4418,0.22
2238-8893,0.08
2238-9636,0.19
2238-4502,0.0
2237-4574,0.03
2237-9436,0.57
2237-6917,0.0
2238-4251,0.0
2261-236X,0.75
2296-2565,3.18
2314-6133,1.0
2304-8158,6.05
2297-055X,2.2
2296-2360,1.66
2305-5839,5.62
2287-8572,2.26
2311-7524,3.37
2296-875X,1.38
2309-608X,3.82
2296-889X,3.72
2306-7381,1.82
2255-4971,0.0
2311-5637,4.65
2314-7156,2.65
2313-7673,4.1
2311-5521,2.39
2308-3425,2.13
2278-3008,23.89
2291-2789,1.42
2288-5919,1.78
2288-176X,1.47
2255-534X,0.63
2255-5536,0.0
2316-333X,0.05
2316-9230,0.23
2316-8498,0.29
2284-0265,0.83
2255-5021,0.0
2316-347X,0.09
2313-8971,0.47
2255-4823,0.0
2302-1616,0.1
2316-8544,0.03
2255-4963,0.0
2316-7580,0.0
2316-1442,0.21
2316-8765,0.94
2314-5706,0.0
2318-3349,0.0
2317-3009,0.13
2317-1782,0.41
2317-4692,0.85
2318-7670,0.45
2316-9907,0.69
2318-8219,0.1
2316-9281,0.47
2318-6674,0.67
2318-8413,0.11
2317-434X,0.13
2317-3076,0.29
2317-269X,0.08
2318-4965,0.4
2317-1537,1.16
2318-5090,0.11
2318-1419,0.11
2317-3394,0.33
2317-2932,0.04
2317-1154,0.3
2317-0956,0.02
2317-8582,0.08
2317-8507,0.45
2318-0811,0.11
2317-9430,0.07
2316-9834,0.89
2317-4609,0.29
2317-563X,0.11
2317-3688,0.0
2318-5694,0.46
2318-8111,0.0
2318-6186,0.0
2317-8825,0.19
2316-9451,0.04
2317-7136,0.0
2318-4051,0.09
2317-0751,0.0
2317-3092,0.2
2317-028X,0.1
2317-6628,0.25
2319-7692,3.8
2352-152X,9.62
2352-4928,4.12
2352-3409,2.33
2351-9789,0.0
2327-6983,1.31
2350-0530,0.22
2352-9385,2.73
2352-507X,8.18
2319-0612,0.21
2352-2143,3.05
2318-8472,0.05
2325-7075,0.08
2325-1026,3.75
2325-9574,1.35
2327-7033,1.89
2318-8790,0.14
2332-8940,3.41
2357-9730,0.0
2325-0984,1.73
2323-5233,0.3
2347-520X,0.09
2318-8960,0.07
2346-3775,0.71
2357-8181,0.28
2318-8855,0.0
2318-9584,0.19
2325-4394,1.55
2357-9617,0.33
2318-9851,0.21
2357-724X,0.15
2344-9195,0.06
2328-2223,0.0
2322-9411,0.0
2358-0089,0.0
2318-9568,0.0
2329-3268,0.7
2330-0396,1.83
2332-2799,0.0
2333-6706,5.4
2358-2472,0.15
2359-0793,0.04
2358-8306,0.04
2359-3997,1.69
2359-5787,0.13
2358-8853,0.12
2358-7490,0.16
2359-4330,0.27
2359-1412,0.03
2358-5587,0.14
2358-6303,0.39
2358-0844,0.16
2359-0769,0.29
2359-0424,0.12
2358-1883,1.38
2359-4799,0.2
2358-0828,0.0
2359-0106,0.22
2359-3466,0.09
2359-0580,0.0
2358-8845,0.12
2358-6125,0.05
2358-2391,0.37
2359-2087,0.0
2358-5390,0.35
2359-2370,0.0
2358-7504,0.08
2358-2499,0.08
2359-1064,0.0
2358-4122,0.06
2359-4489,0.36
2359-6082,0.36
2358-2286,0.11
2359-3482,0.0
2358-4610,0.05
2358-3568,0.0
2358-3401,0.17
2359-4748,0.12
2359-2710,0.0
2358-1271,0.0
2367-3370,0.51
2405-8440,8.01
2366-2557,0.33
2399-5300,0.18
2365-6549,2.18
2399-3642,5.65
2405-4577,0.89
2375-1916,0.41
2373-8227,4.26
2411-2933,0.06
2414-6366,2.92
2374-4235,2.58
2399-3669,5.37
2369-2960,4.35
2411-5142,2.17
2446-6220,0.0
2399-6528,1.33
2446-4813,0.34
2373-6437,0.28
2359-6856,0.21
2374-6939,0.23
2446-922X,0.23
2373-6410,0.09
2405-6030,0.65
2446-4732,1.46
2359-6910,0.01
2414-6641,0.4
2373-437X,0.5
2365-421X,3.72
2363-8907,2.16
2369-2529,2.15
2446-4821,1.85
2359-6902,0.09
2411-1783,0.09
2399-3421,1.61
2446-7901,0.4
2382-4018,0.42
2367-1890,0.73
2395-4205,0.39
2410-4701,1.05
2469-9950,3.58
2470-0010,5.26
2470-1343,4.3
2469-9926,2.69
2470-0045,2.4
2448-0959,0.05
2468-0230,3.82
2447-0961,0.16
2456-1908,0.35
2448-0916,0.06
2451-9103,5.12
2447-2034,0.34
2452-2198,3.18
2471-5638,1.5
2454-6348,0.06
2447-8938,0.08
2447-5580,0.16
2447-536X,0.93
2448-2455,0.31
2448-167X,0.56
2447-0783,0.21
2447-2689,0.82
2446-9424,0.97
2447-3529,0.52
2447-1267,0.04
2447-617X,0.04
2448-6302,0.04
2469-5718,0.0
2447-6293,0.0
2447-7117,0.0
2447-8156,0.17
2448-2803,0.0
2447-6099,0.17
2452-5812,0.21
2447-3944,0.0
2447-4606,0.03
2448-4245,0.0
2447-6447,0.18
2448-2978,0.0
2447-4924,0.0
2525-3409,0.33
2525-8761,0.42
2472-1972,0.47
2475-9953,2.79
2523-3920,2.89
2523-8973,0.3
2509-2715,4.76
2516-8290,1.58
2525-8311,0.02
2516-3507,1.1
2525-7870,0.18
2522-5731,3.84
2525-4863,0.12
2525-9008,0.0
2525-426X,0.05
2525-8036,0.06
2522-5790,0.58
2509-5579,0.48
2525-8923,0.12
2526-1010,0.25
2523-3106,2.72
2475-0360,2.72
2524-8987,4.94
2525-815X,0.3
2516-2330,0.0
2525-507X,0.33
2525-5444,0.14
2526-2874,0.22
2525-703X,0.06
2504-3137,1.19
2525-9563,0.02
2515-2270,3.35
2520-8454,1.05
2525-376X,0.12
2525-7056,0.19
2525-6092,0.08
2525-3050,0.0
2525-4472,0.0
2474-9214,0.74
2526-2122,0.08
2574-0970,6.07
2574-0962,5.08
2531-1379,0.1
2572-9241,2.91
2576-098X,0.72
2526-8732,0.02
2564-7040,0.61
2526-8910,0.46
2575-7938,0.59
2527-2675,0.1
2578-5478,1.2
2573-9832,1.79
2573-8488,1.81
2571-8797,5.08
2526-3544,0.05
2574-1225,0.6
2576-4454,1.81
2548-0839,1.96
2526-849X,0.08
2573-2919,0.39
2527-0524,0.0
2526-7647,0.12
2574-8130,0.14
2526-6136,0.29
2527-0141,0.07
2527-1849,0.09
2526-5970,0.08
2527-1288,0.1
2526-3943,0.07
2527-2039,0.11
2578-7470,1.85
2526-9550,0.21
2577-4301,0.17
2526-8007,0.27
2527-0915,0.0
2526-4052,0.05
2526-7914,0.0
2577-2236,0.26
2526-9461,0.08
2573-363X,1.5
2589-0042,4.3
2595-6825,0.18
2595-573X,0.14
2589-014X,2.94
2589-1529,2.79
2595-1661,0.21
2596-1969,0.0
2594-5394,0.07
2595-3621,0.2
2595-0118,0.34
2595-4520,0.04
2595-8402,0.17
2595-7899,0.13
2587-0831,1.55
2595-2803,0.05
2586-7210,1.71
2595-4431,0.04
2594-9179,0.04
2594-6463,0.35
2595-0967,0.09
2595-4911,0.09
2589-9791,1.57
2594-3901,0.08
2594-5467,0.08
2613-4942,0.0
2595-1459,0.0
2594-6307,0.0
2596-0016,0.14
2594-6412,0.03
2595-1521,0.0
2595-1033,0.03
2595-4229,0.0
2596-156X,0.0
2596-3082,0.32
2591-5339,0.0
2596-3155,0.06
2594-7354,0.0
2590-1532,0.0
2595-7651,0.1
2596-1403,0.18
2631-8695,1.46
2624-9367,2.17
2667-2421,2.77
2644-125X,5.03
2665-9271,6.92
2624-7402,3.21
2673-3161,2.28
2673-7647,2.18
2644-1314,4.16
2666-8319,6.39
2666-5174,3.95
2639-216X,0.4
2666-142X,3.96
2673-7515,2.53
2673-5318,1.48
2673-3129,3.92
2624-5175,2.4
2666-3376,2.69
2666-335X,0.98
2673-4125,1.58
2644-1241,2.74
2673-4184,1.28
2617-4839,0.07
2631-5343,1.62
2673-5601,2.18
2634-2235,1.12
2673-6772,1.18
2666-9781,5.49
2673-3846,1.88
2640-2734,0.24
2634-4793,0.75
2666-5069,2.11
2667-3436,1.51
2659-8620,0.2
2673-706X,3.23
2674-0710,1.54
2630-4953,4.0
2640-2645,0.61
2659-5699,0.31
2643-4008,0.2
2675-3375,0.16
2674-8169,0.3
2675-6218,0.2
2675-4711,0.07
2675-7451,0.08
2674-9432,0.11
2674-8703,0.14
2675-9780,0.8
2675-519X,0.24
2674-5976,0.14
2694-2461,4.7
2694-2445,3.26
2702-4288,1.72
2675-4916,0.2
2674-7081,0.08
2675-2999,0.14
2675-8008,0.17
2674-9009,0.04
2674-7189,0.15
2674-9270,0.08
2676-0029,0.31
2675-3626,0.22
2674-1334,5.77
2674-1024,2.83
2675-3065,0.02
2675-7222,0.0
2683-7404,0.05
2675-9616,0.1
2675-4673,0.03
2675-1003,0.0
2683-2348,0.27
2675-1933,0.0
2675-1526,0.19
2675-3359,0.06
2675-4398,0.03
2694-1724,0.27
2674-709X,0.0
2675-3006,0.05
2692-4706,0.2
2675-4177,0.0
2764-0159,0.05
2772-9508,4.81
2764-1317,0.1
2766-2276,0.43
2772-3747,2.03
2763-9134,0.06
2764-1589,0.27
2763-583X,0.04
2724-5683,2.04
2763-5724,0.23
2764-0884,0.12
2764-0973,0.03
2724-606X,1.21
2731-4561,0.61
2764-3417,0.82
2710-1452,0.47
2724-6329,1.51
2763-8898,0.08
2763-8405,0.17
2731-5533,2.45
2768-6655,2.31
2763-6119,0.14
2764-0337,0.02
2831-3267,0.93
2813-0413,1.92
2828-9269,0.24
2763-7824,0.28
2764-6645,0.0
2773-093X,1.49
2832-4463,0.29
2763-8030,0.26
2788-6492,0.17
2771-4683,2.91
2763-5783,0.07
2764-5576,0.09
2764-1422,0.1
2813-3064,1.27
2763-9010,0.0
2766-0664,0.09
2815-9241,3.0
2965-1476,0.02
2949-8228,2.52
2965-6672,0.01
3005-0774,0.92
2965-6613,0.08
2966-2931,0.1
2949-8244,2.85
2966-1668,0.11
3065-8993,0.63
2950-1997,1.18
2950-1946,4.45
2949-8295,3.61
2966-2249,0.06
2965-1980,0.02
2965-0968,0.16
3085-6124,0.15
2965-1557,0.15
2832-8280,1.3
3033-3318,1.07
2833-2237,0.45
2941-198X,8.08
3029-133X,4.03
2965-0356,0.01
2965-1662,0.12
2977-3504,1.67
3064-9765,0.69
3029-1232,0.9
2965-0771,0.03
2966-0408,0.22
2996-0975,0.29
3086-173X,0.02
2966-3806,0.03
3071-2521,0.0
