origem,destino,peso
i|d|bertulucci rocha rodrigues,f|marcos|silva,23
i|d|bertulucci rocha rodrigues,f|virmondes|rodrigues,43
i|d|bertulucci rocha rodrigues,i|c|jose freire oliveira,8
i|d|bertulucci rocha rodrigues,i|j|reis machado,11
i|d|bertulucci rocha rodrigues,i|s|aparecida de lima pereira,21
i|d|bertulucci rocha rodrigues,i|m|antonia dos reis,12
i|d|bertulucci rocha rodrigues,i|v|de paula antunes teixeira,5
i|d|bertulucci rocha rodrigues,i|j|emilio lazo chica,2
i|d|bertulucci rocha rodrigues,i|s|jorge adad,5
i|d|bertulucci rocha rodrigues,i|r|margarida etchebehere,4
i|d|bertulucci rocha rodrigues,i|f|rodrigues helmo,4
i|d|bertulucci rocha rodrigues,i|f|bernadelli de vito,4
i|d|bertulucci rocha rodrigues,f|dalmo|correia,4
i|d|bertulucci rocha rodrigues,i|e|lages silva,3
i|a|claudia granato,i|m|hitomi okura,16
i|a|claudia granato,i|g|roger pointer malpass,33
i|m|s da luz,i|r|valentim gelamo,3
i|m|s da luz,i|d|carneiro ferreira,12
i|m|s da luz,i|j|cesar de souza inacio goncalves,13
i|m|s da luz,i|r|s silva,2
i|m|s da luz,i|g|roger pointer malpass,3
i|m|s da luz,i|k|graciele dos santos,3
i|c|gomez hernandez,i|a|luiz pedrosa,3
i|c|gomez hernandez,i|e|lages silva,6
i|c|gomez hernandez,i|l|eduardo ramırez,8
i|c|gomez hernandez,f|marcos|silva,8
i|c|gomez hernandez,f|virmondes|rodrigues,11
i|c|gomez hernandez,i|c|jose freire oliveira,3
i|c|gomez hernandez,i|j|reis machado,3
i|c|gomez hernandez,i|f|rodrigues helmo,2
i|c|gomez hernandez,i|f|bernadelli de vito,2
i|c|gomez hernandez,i|h|moraes souza,2
f|dalmo|correia,i|e|lages silva,14
f|dalmo|correia,f|aluizio|prata,13
f|dalmo|correia,f|virmondes|rodrigues,17
f|dalmo|correia,f|marcos|silva,10
f|dalmo|correia,i|a|luiz pedrosa,3
f|dalmo|correia,i|l|eduardo ramırez,3
f|dalmo|correia,i|m|leon silva vergara,5
f|dalmo|correia,i|v|jose dias da silva,10
f|dalmo|correia,i|m|antonia dos reis,3
f|dalmo|correia,i|v|de paula antunes teixeira,2
f|dalmo|correia,i|c|jose freire oliveira,2
f|dalmo|correia,i|j|reis machado,4
f|dalmo|correia,i|o|barbosa neto,3
i|l|fernanda rodrigues martinho fernandes,f|eduardo|crema,3
i|l|fernanda rodrigues martinho fernandes,i|n|miguel lopes de oliveira,3
i|l|fernanda rodrigues martinho fernandes,i|i|aparecida porcatti de walsh,2
i|l|fernanda rodrigues martinho fernandes,i|l|aparecida pascucci sande de souza,11
i|l|fernanda rodrigues martinho fernandes,i|l|jorge patrizzi,2
i|l|fernanda rodrigues martinho fernandes,f|dernival|bertoncello,10
i|l|fernanda rodrigues martinho fernandes,f|karina|pereira,2
i|m|leon silva vergara,i|k|ferreira paim,23
i|m|leon silva vergara,i|l|euripedes andrade silva,22
i|m|leon silva vergara,i|e|fernando candido murta,3
i|m|leon silva vergara,f|aluizio|prata,10
i|m|leon silva vergara,f|virmondes|rodrigues,12
i|m|leon silva vergara,i|h|moraes souza,2
i|m|leon silva vergara,i|l|de almeida silva teixeira,4
i|m|leon silva vergara,i|e|lages silva,5
i|m|leon silva vergara,f|marcos|silva,4
i|m|leon silva vergara,i|e|lacerda mendes,8
i|m|leon silva vergara,i|s|jorge adad,12
i|m|leon silva vergara,i|s|de castro soares,2
i|m|leon silva vergara,i|r|margarida etchebehere,6
i|m|leon silva vergara,i|a|luiz pedrosa,6
i|m|leon silva vergara,i|m|antonia dos reis,2
i|m|leon silva vergara,i|d|ferreira da cunha,4
i|m|leon silva vergara,i|m|aurelho de lima,2
i|m|leon silva vergara,i|a|de paula rogerio,5
i|l|resende rodrigues,i|d|mara dos santos tavares,25
i|l|resende rodrigues,i|h|hemiko iwamoto,2
i|l|resende rodrigues,i|f|aparecida dias,9
i|l|resende rodrigues,i|p|cristina dos santos ferreira,6
i|l|resende rodrigues,i|b|ferreira goulart,10
i|l|resende rodrigues,i|a|lucia de assis simoes,2
i|l|resende rodrigues,i|b|dias miranda parreira,2
i|l|resende rodrigues,i|l|aparecida ferreira,3
i|l|resende rodrigues,i|f|rodrigues helmo,3
i|l|resende rodrigues,i|m|sousa pegorari,2
i|l|euripedes andrade silva,i|k|ferreira paim,20
i|l|euripedes andrade silva,f|marcos|silva,12
i|l|euripedes andrade silva,f|virmondes|rodrigues,9
i|l|euripedes andrade silva,i|a|luiz pedrosa,4
i|l|euripedes andrade silva,i|e|lages silva,2
i|l|euripedes andrade silva,i|c|jose freire oliveira,8
i|l|euripedes andrade silva,i|s|de castro soares,2
i|l|euripedes andrade silva,i|f|bernadelli de vito,2
i|l|euripedes andrade silva,i|f|rodrigues helmo,3
i|l|euripedes andrade silva,i|h|moraes souza,3
i|l|euripedes andrade silva,i|w|francisco rodrigues,2
i|l|euripedes andrade silva,i|a|de paula rogerio,3
i|m|de lucca moreira gomes,i|f|carolina ribeiro dias,16
i|m|de lucca moreira gomes,f|marcos|silva,2
i|m|de lucca moreira gomes,f|virmondes|rodrigues,2
i|m|de lucca moreira gomes,i|c|jose freire oliveira,2
i|d|fernando bovolenta ovigli,i|p|donizete colombo,17
i|d|fernando bovolenta ovigli,i|d|seithi kato,3
i|m|sousa pegorari,i|d|mara dos santos tavares,10
i|m|sousa pegorari,i|l|jorge patrizzi,9
i|m|sousa pegorari,i|s|gomes novais shimano,2
i|m|sousa pegorari,i|i|aparecida porcatti de walsh,7
i|m|sousa pegorari,i|f|aparecida dias,6
i|m|sousa pegorari,i|p|cristina dos santos ferreira,3
i|m|sousa pegorari,i|m|falangola accioly,2
i|m|sousa pegorari,i|g|fiori marchiori,2
i|g|de araujo pereira,i|f|carolina camargo,17
i|g|de araujo pereira,i|h|hemiko iwamoto,12
i|g|de araujo pereira,i|r|margarida etchebehere,2
i|g|de araujo pereira,i|i|aparecida porcatti de walsh,7
i|g|de araujo pereira,i|f|bernadelli de vito,3
i|g|de araujo pereira,i|h|moraes souza,20
i|g|de araujo pereira,f|divanice|contim,7
i|g|de araujo pereira,f|virmondes|rodrigues,5
i|g|de araujo pereira,i|e|lages silva,3
i|g|de araujo pereira,i|s|riul da silva,4
i|g|de araujo pereira,i|a|da silva santos,3
i|g|de araujo pereira,i|l|augusto alves garcia,8
i|g|de araujo pereira,i|j|bonolo do amaral rocha,2
i|g|de araujo pereira,i|m|paula custodio silva,2
i|g|de araujo pereira,i|m|torreglosa ruiz,2
i|g|de araujo pereira,i|l|aparecida ferreira,2
i|g|de araujo pereira,i|m|pereira rezende,2
i|w|francisco rodrigues,i|c|botelho miguel,35
i|w|francisco rodrigues,i|c|jose freire oliveira,38
i|w|francisco rodrigues,i|j|emilio lazo chica,15
i|w|francisco rodrigues,i|s|de castro soares,8
i|w|francisco rodrigues,i|a|dias paiva,4
i|w|francisco rodrigues,f|marcos|silva,12
i|w|francisco rodrigues,f|virmondes|rodrigues,8
i|w|francisco rodrigues,i|a|paula espindula,2
i|w|francisco rodrigues,i|f|bernadelli de vito,2
i|w|francisco rodrigues,i|f|rodrigues helmo,3
i|w|francisco rodrigues,i|h|moraes souza,3
i|w|francisco rodrigues,i|k|ferreira paim,2
i|w|francisco rodrigues,f|divanice|contim,3
i|w|francisco rodrigues,f|joilson|meneguci,2
i|w|francisco rodrigues,i|m|torreglosa ruiz,5
i|w|francisco rodrigues,i|j|reis machado,4
i|w|francisco rodrigues,i|k|faria de oliveira,2
i|w|francisco rodrigues,i|m|carvalho paschoini,2
i|e|lages silva,i|a|luiz pedrosa,16
i|e|lages silva,i|l|eduardo ramırez,32
i|e|lages silva,f|marcos|silva,7
i|e|lages silva,f|virmondes|rodrigues,8
i|e|lages silva,i|c|jose freire oliveira,4
i|e|lages silva,i|j|reis machado,4
i|e|lages silva,i|v|jose dias da silva,4
i|e|lages silva,f|aluizio|prata,3
i|e|lages silva,i|k|ferreira paim,3
i|e|lages silva,i|h|moraes souza,2
i|e|lages silva,i|m|aurelho de lima,4
i|m|torreglosa ruiz,i|b|dias miranda parreira,10
i|m|torreglosa ruiz,i|b|ferreira goulart,9
i|m|torreglosa ruiz,i|s|riul da silva,12
i|m|torreglosa ruiz,i|m|carvalho paschoini,16
i|m|torreglosa ruiz,f|divanice|contim,32
i|m|torreglosa ruiz,i|m|paula custodio silva,18
i|m|torreglosa ruiz,i|k|faria de oliveira,14
i|m|torreglosa ruiz,f|joilson|meneguci,3
i|m|torreglosa ruiz,i|c|jose freire oliveira,5
i|m|torreglosa ruiz,i|j|bonolo do amaral rocha,6
i|m|torreglosa ruiz,i|s|regina ribeiro chavaglia,6
i|m|torreglosa ruiz,f|elizabeth|barichello,5
i|m|torreglosa ruiz,i|a|cristina nicolussi,3
i|g|fiori marchiori,i|d|mara dos santos tavares,27
i|g|fiori marchiori,i|f|aparecida dias,8
f|sheilla|tribess,f|joilson|meneguci,24
f|sheilla|tribess,i|j|eidi sasaki,17
f|sheilla|tribess,i|j|sindra virtuoso junior,52
f|sheilla|tribess,i|c|bosquiero papini,3
i|r|junio de oliveira,i|p|i s maia,7
i|r|junio de oliveira,i|c|jose freire oliveira,2
i|h|moraes souza,f|aluizio|prata,3
i|h|moraes souza,f|virmondes|rodrigues,15
i|h|moraes souza,i|l|de almeida silva teixeira,2
i|h|moraes souza,i|f|bernadelli de vito,20
i|h|moraes souza,f|marcos|silva,7
i|h|moraes souza,i|c|jose freire oliveira,4
i|h|moraes souza,i|f|rodrigues helmo,4
i|h|moraes souza,i|k|ferreira paim,3
i|h|moraes souza,f|joilson|meneguci,2
i|h|moraes souza,f|fb|vito,18
i|h|moraes souza,f|scsv|tanaka,11
i|h|moraes souza,f|acdm|carneiro,15
i|s|martins barroso,i|f|scorsolini comin,3
i|f|bernadelli de vito,f|marcos|silva,13
i|f|bernadelli de vito,f|virmondes|rodrigues,15
i|f|bernadelli de vito,i|c|jose freire oliveira,5
i|f|bernadelli de vito,i|f|rodrigues helmo,3
i|f|bernadelli de vito,i|j|reis machado,2
i|f|bernadelli de vito,i|a|de paula rogerio,2
i|f|bernadelli de vito,i|a|luiz pedrosa,2
i|f|bernadelli de vito,f|acdm|carneiro,2
i|f|bernadelli de vito,f|scsv|tanaka,2
i|f|bernadelli de vito,f|afonso|pelli,3
i|m|antoniazi michelin,i|e|fernando candido murta,56
i|m|antoniazi michelin,i|f|lera orsatti,11
i|m|antoniazi michelin,i|s|jorge adad,8
i|m|antoniazi michelin,i|r|simoes nomelini,12
i|m|antoniazi michelin,i|f|carolina ribeiro dias,2
i|m|antoniazi michelin,i|r|margarida etchebehere,2
i|m|antoniazi michelin,i|j|emilio lazo chica,3
i|b|martins tavares murta,i|e|fernando candido murta,25
i|b|martins tavares murta,i|r|simoes nomelini,9
i|b|martins tavares murta,i|s|jorge adad,2
i|b|martins tavares murta,f|dernival|bertoncello,3
i|s|jorge adad,i|e|fernando candido murta,27
i|s|jorge adad,i|r|margarida etchebehere,10
i|s|jorge adad,i|r|simoes nomelini,4
i|s|jorge adad,f|eduardo|crema,7
i|s|jorge adad,f|virmondes|rodrigues,4
i|s|jorge adad,i|m|antonia dos reis,4
i|s|jorge adad,i|s|aparecida de lima pereira,4
i|s|jorge adad,i|j|emilio lazo chica,2
i|s|jorge adad,i|a|augusto da silva,2
i|s|jorge adad,i|v|de paula antunes teixeira,2
i|s|jorge adad,i|c|jose freire oliveira,2
i|p|cristina dos santos ferreira,i|d|mara dos santos tavares,26
i|p|cristina dos santos ferreira,i|f|aparecida dias,23
i|p|cristina dos santos ferreira,i|v|jose haas,3
f|eduardo|crema,i|n|miguel lopes de oliveira,2
f|eduardo|crema,i|a|augusto da silva,26
f|eduardo|crema,f|virmondes|rodrigues,8
f|eduardo|crema,i|r|margarida etchebehere,3
i|l|augusto alves garcia,i|a|da silva santos,26
i|l|augusto alves garcia,i|f|carolina camargo,24
i|l|augusto alves garcia,i|h|hemiko iwamoto,6
i|l|augusto alves garcia,i|l|aparecida ferreira,3
i|l|augusto alves garcia,i|m|pereira rezende,2
i|l|augusto alves garcia,i|j|bonolo do amaral rocha,3
i|r|rosa miranda correa,f|marcos|silva,15
i|r|rosa miranda correa,i|j|reis machado,31
i|r|rosa miranda correa,i|m|antonia dos reis,51
i|r|rosa miranda correa,i|r|margarida etchebehere,5
i|r|rosa miranda correa,i|f|rodrigues helmo,14
i|r|rosa miranda correa,i|l|penna rocha,38
i|r|rosa miranda correa,i|c|lourencini cavellani,26
i|r|rosa miranda correa,i|v|de paula antunes teixeira,32
i|r|rosa miranda correa,i|m|carvalho paschoini,2
i|r|rosa miranda correa,i|a|paula espindula,6
i|r|rosa miranda correa,i|d|mara dos santos tavares,2
i|r|guillermo nascimento ferreira,i|c|jose freire oliveira,3
i|r|guillermo nascimento ferreira,i|j|cesar de souza inacio goncalves,3
i|l|aparecida pascucci sande de souza,i|g|jose luvizutto,50
i|l|aparecida pascucci sande de souza,i|l|jorge patrizzi,5
i|l|aparecida pascucci sande de souza,i|a|paula espindula,11
i|l|aparecida pascucci sande de souza,i|v|de paula antunes teixeira,8
i|l|aparecida pascucci sande de souza,f|dernival|bertoncello,4
i|l|aparecida pascucci sande de souza,f|karina|pereira,3
i|l|aparecida pascucci sande de souza,i|c|lourencini cavellani,2
i|b|dias miranda parreira,i|b|ferreira goulart,25
i|b|dias miranda parreira,i|s|riul da silva,15
i|b|dias miranda parreira,i|m|carvalho paschoini,5
i|b|dias miranda parreira,i|m|pereira rezende,4
i|b|dias miranda parreira,i|f|aparecida dias,3
i|b|dias miranda parreira,i|a|lucia de assis simoes,4
i|l|de almeida silva teixeira,f|aluizio|prata,5
i|l|de almeida silva teixeira,f|virmondes|rodrigues,8
i|l|de almeida silva teixeira,i|j|reis machado,2
i|l|de almeida silva teixeira,f|marcos|silva,3
i|r|valentim gelamo,i|j|aparecido moreto,23
i|r|valentim gelamo,i|j|cesar de souza inacio goncalves,3
i|r|valentim gelamo,f|marcos|silva,8
i|r|valentim gelamo,i|c|jose freire oliveira,5
i|r|valentim gelamo,i|d|carneiro ferreira,4
i|a|augusto da silva,f|virmondes|rodrigues,4
i|a|augusto da silva,i|r|margarida etchebehere,2
i|a|luiz pedrosa,i|l|eduardo ramırez,13
i|a|luiz pedrosa,i|k|ferreira paim,5
i|a|luiz pedrosa,f|virmondes|rodrigues,3
i|c|botelho miguel,f|marcos|silva,3
i|c|botelho miguel,f|virmondes|rodrigues,2
i|c|botelho miguel,i|c|jose freire oliveira,18
i|c|botelho miguel,i|j|emilio lazo chica,13
i|c|botelho miguel,i|s|de castro soares,6
i|g|roger pointer malpass,i|m|hitomi okura,13
i|g|roger pointer malpass,i|d|carneiro ferreira,8
i|g|roger pointer malpass,i|j|cesar de souza inacio goncalves,2
i|a|cristina nicolussi,i|s|elaine malaguti toffano,9
i|a|cristina nicolussi,i|k|faria de oliveira,3
i|a|cristina nicolussi,i|m|helena barbosa,7
i|a|cristina nicolussi,i|s|regina ribeiro chavaglia,3
i|a|cristina nicolussi,f|elizabeth|barichello,8
i|a|cristina nicolussi,i|b|ferreira goulart,4
i|a|cristina nicolussi,i|v|jose haas,2
i|a|cristina nicolussi,i|l|aparecida ferreira,2
i|v|jose dias da silva,i|g|ribeiro da mota,3
i|v|jose dias da silva,i|o|barbosa neto,6
i|v|jose dias da silva,f|marcos|silva,7
i|v|jose dias da silva,f|virmondes|rodrigues,6
i|v|jose dias da silva,i|j|reis machado,3
i|v|jose dias da silva,i|l|eduardo ramırez,3
i|v|jose dias da silva,f|aluizio|prata,5
i|v|jose dias da silva,i|c|jose freire oliveira,2
i|v|jose dias da silva,i|m|antonia dos reis,2
i|f|lera orsatti,i|l|ronan marquez ferreira de souza,4
i|f|lera orsatti,i|e|fernando candido murta,14
i|f|lera orsatti,i|g|vannucchi portari,8
i|f|lera orsatti,i|r|simoes nomelini,10
i|f|lera orsatti,i|g|ribeiro da mota,5
i|f|lera orsatti,f|marcos|silva,2
i|f|lera orsatti,i|m|vinicius campos souza,27
i|f|lera orsatti,i|o|barbosa neto,3
i|f|lera orsatti,i|j|emilio lazo chica,3
i|c|jose freire oliveira,i|a|de paula rogerio,5
i|c|jose freire oliveira,f|marcos|silva,69
i|c|jose freire oliveira,f|virmondes|rodrigues,55
i|c|jose freire oliveira,i|j|reis machado,14
i|c|jose freire oliveira,i|j|emilio lazo chica,14
i|c|jose freire oliveira,i|s|de castro soares,22
i|c|jose freire oliveira,i|l|eduardo ramırez,3
i|c|jose freire oliveira,i|j|aparecido moreto,4
i|c|jose freire oliveira,i|f|rodrigues helmo,6
i|c|jose freire oliveira,i|a|paula espindula,2
i|c|jose freire oliveira,i|k|ferreira paim,3
i|c|jose freire oliveira,f|divanice|contim,3
i|c|jose freire oliveira,f|joilson|meneguci,2
i|c|jose freire oliveira,i|k|faria de oliveira,2
i|c|jose freire oliveira,i|m|carvalho paschoini,2
i|c|jose freire oliveira,f|afonso|pelli,3
i|b|ferreira goulart,i|s|riul da silva,3
i|b|ferreira goulart,i|a|lucia de assis simoes,8
i|b|ferreira goulart,f|divanice|contim,8
i|b|ferreira goulart,i|j|bonolo do amaral rocha,3
i|b|ferreira goulart,i|m|paula custodio silva,3
i|b|ferreira goulart,i|m|pereira rezende,7
i|b|ferreira goulart,i|h|hemiko iwamoto,3
i|b|ferreira goulart,i|f|rodrigues helmo,3
i|b|ferreira goulart,i|l|aparecida kauchakje pedrosa,2
i|j|eidi sasaki,i|o|barbosa neto,2
i|j|eidi sasaki,f|joilson|meneguci,23
i|j|eidi sasaki,i|j|sindra virtuoso junior,21
i|j|eidi sasaki,i|a|da silva santos,4
i|j|eidi sasaki,i|g|ribeiro da mota,11
i|j|eidi sasaki,i|e|lacerda mendes,4
i|j|eidi sasaki,i|a|christian ribeiro andaki,3
i|j|eidi sasaki,i|c|bosquiero papini,3
f|afonso|pelli,f|virmondes|rodrigues,4
f|afonso|pelli,f|marcos|silva,3
f|afonso|pelli,i|a|dias paiva,2
i|a|dias paiva,i|s|de castro soares,3
i|l|penna rocha,i|f|rodrigues helmo,9
i|l|penna rocha,i|j|reis machado,28
i|l|penna rocha,i|m|antonia dos reis,38
i|l|penna rocha,i|r|margarida etchebehere,3
i|l|penna rocha,f|marcos|silva,9
i|l|penna rocha,i|v|de paula antunes teixeira,10
i|l|penna rocha,i|a|paula espindula,3
i|l|penna rocha,i|c|lourencini cavellani,10
i|r|euripedes da silveira,i|a|da silva santos,10
i|r|euripedes da silveira,f|divanice|contim,3
i|r|euripedes da silveira,i|s|elaine malaguti toffano,2
i|k|faria de oliveira,i|k|goncalves do nascimento,5
i|k|faria de oliveira,i|m|helena barbosa,18
i|k|faria de oliveira,i|s|regina ribeiro chavaglia,4
i|k|faria de oliveira,f|elizabeth|barichello,15
i|k|faria de oliveira,i|m|carvalho paschoini,7
i|k|faria de oliveira,i|m|marques dos santos felix,5
i|k|faria de oliveira,i|d|ferreira da cunha,2
i|k|faria de oliveira,f|divanice|contim,5
i|k|faria de oliveira,i|m|paula custodio silva,5
f|aluizio|prata,f|virmondes|rodrigues,7
f|aluizio|prata,i|l|eduardo ramırez,2
f|aluizio|prata,i|m|antonia dos reis,2
f|dernival|bertoncello,i|i|aparecida porcatti de walsh,18
f|dernival|bertoncello,i|e|fernando candido murta,3
f|dernival|bertoncello,f|karina|pereira,3
f|dernival|bertoncello,i|n|miguel lopes de oliveira,2
f|dernival|bertoncello,i|d|ferreira moreira lobato,9
f|dernival|bertoncello,i|a|de paula rogerio,2
i|m|paula custodio silva,f|divanice|contim,48
i|m|paula custodio silva,i|j|bonolo do amaral rocha,26
i|m|paula custodio silva,i|s|elaine malaguti toffano,3
i|m|paula custodio silva,i|a|bernadete trovo de marqui,3
i|m|paula custodio silva,i|k|goncalves do nascimento,2
i|m|paula custodio silva,f|elizabeth|barichello,4
i|m|paula custodio silva,f|joilson|meneguci,2
i|f|aparecida dias,i|d|mara dos santos tavares,62
i|f|aparecida dias,i|v|jose haas,4
i|f|aparecida dias,i|l|aparecida ferreira,5
i|f|aparecida dias,i|m|pereira rezende,2
i|f|aparecida dias,f|joilson|meneguci,4
i|f|aparecida dias,i|f|rodrigues helmo,3
i|f|aparecida dias,i|r|vicente ferreira,4
i|f|aparecida dias,i|s|riul da silva,2
i|f|aparecida dias,i|m|de fatima borges,2
i|m|aparecida spadotto balarin,f|virmondes|rodrigues,2
i|m|aparecida spadotto balarin,i|a|bernadete trovo de marqui,7
i|m|aparecida spadotto balarin,i|m|carvalho paschoini,3
i|m|aparecida spadotto balarin,i|s|riul da silva,5
i|m|aparecida spadotto balarin,i|m|torreglosa ruiz cintra,6
i|j|sindra virtuoso junior,f|joilson|meneguci,31
i|j|sindra virtuoso junior,i|a|da silva santos,2
i|j|sindra virtuoso junior,i|d|mara dos santos tavares,3
i|j|sindra virtuoso junior,i|e|lacerda mendes,2
i|m|aurelho de lima,i|m|de fatima borges,6
i|m|aurelho de lima,i|l|eduardo ramırez,4
i|n|miguel lopes de oliveira,i|s|gomes novais shimano,11
i|n|miguel lopes de oliveira,f|karina|pereira,3
i|n|miguel lopes de oliveira,i|d|ferreira moreira lobato,2
i|l|aparecida ferreira,i|m|helena barbosa,11
i|l|aparecida ferreira,i|m|pereira rezende,19
i|l|aparecida ferreira,i|s|regina ribeiro chavaglia,9
i|l|aparecida ferreira,i|m|marques dos santos felix,4
i|l|aparecida ferreira,f|elizabeth|barichello,2
i|l|aparecida ferreira,i|l|aparecida kauchakje pedrosa,2
i|l|aparecida ferreira,i|f|rodrigues helmo,3
i|l|aparecida ferreira,i|v|jose haas,4
i|l|aparecida ferreira,i|d|mara dos santos tavares,2
i|l|aparecida ferreira,i|a|da silva santos,5
i|l|aparecida ferreira,i|m|de fatima borges,2
i|l|aparecida ferreira,i|f|carolina camargo,2
i|r|simoes nomelini,i|e|fernando candido murta,51
i|r|simoes nomelini,i|r|margarida etchebehere,6
i|r|simoes nomelini,i|l|ronan marquez ferreira de souza,4
i|r|simoes nomelini,i|m|vinicius campos souza,3
i|r|simoes nomelini,i|m|carvalho paschoini,2
f|scsv|tanaka,f|fb|vito,33
f|scsv|tanaka,f|acdm|carneiro,29
i|r|margarida etchebehere,f|marcos|silva,2
i|r|margarida etchebehere,i|j|reis machado,5
i|r|margarida etchebehere,i|m|antonia dos reis,5
i|r|margarida etchebehere,i|f|rodrigues helmo,4
i|r|margarida etchebehere,i|s|aparecida de lima pereira,8
i|r|margarida etchebehere,i|e|fernando candido murta,8
i|r|margarida etchebehere,i|j|emilio lazo chica,2
i|j|aparecido moreto,f|marcos|silva,5
i|j|aparecido moreto,i|d|carneiro ferreira,2
i|j|aparecido moreto,i|p|i s maia,2
i|v|jose haas,i|d|mara dos santos tavares,11
i|v|jose haas,i|s|riul da silva,3
i|v|jose haas,i|l|aparecida kauchakje pedrosa,5
i|v|jose haas,i|m|marques dos santos felix,5
i|v|jose haas,f|elizabeth|barichello,5
i|v|jose haas,i|m|helena barbosa,13
i|v|jose haas,i|a|bernadete trovo de marqui,2
i|v|jose haas,i|s|regina ribeiro chavaglia,2
i|v|jose haas,i|s|elaine malaguti toffano,2
i|l|marina scatena,f|joilson|meneguci,2
i|l|marina scatena,i|a|da silva santos,2
i|l|marina scatena,i|m|de fatima borges,3
f|marcos|silva,i|j|reis machado,52
f|marcos|silva,i|m|antonia dos reis,23
f|marcos|silva,f|virmondes|rodrigues,96
f|marcos|silva,i|f|rodrigues helmo,11
f|marcos|silva,i|k|ferreira paim,6
f|marcos|silva,i|l|eduardo ramırez,8
f|marcos|silva,i|s|de castro soares,10
f|marcos|silva,i|m|vinicius campos souza,2
f|marcos|silva,i|j|emilio lazo chica,2
f|marcos|silva,i|m|de fatima borges,2
f|marcos|silva,i|p|i s maia,2
f|marcos|silva,i|a|de paula rogerio,5
f|joilson|meneguci,i|a|da silva santos,8
f|joilson|meneguci,f|divanice|contim,3
f|joilson|meneguci,i|d|mara dos santos tavares,4
f|joilson|meneguci,i|e|lacerda mendes,2
f|joilson|meneguci,i|a|paula espindula,2
i|a|da silva santos,i|s|regina ribeiro chavaglia,3
i|a|da silva santos,f|divanice|contim,2
i|a|da silva santos,i|f|carolina camargo,13
i|a|da silva santos,i|h|hemiko iwamoto,2
i|a|da silva santos,i|m|pereira rezende,2
i|s|aparecida de lima pereira,f|virmondes|rodrigues,14
i|s|aparecida de lima pereira,i|m|antonia dos reis,6
i|s|aparecida de lima pereira,i|v|de paula antunes teixeira,8
i|s|aparecida de lima pereira,i|a|paula espindula,6
f|virmondes|rodrigues,i|j|reis machado,24
f|virmondes|rodrigues,i|m|antonia dos reis,9
f|virmondes|rodrigues,i|v|de paula antunes teixeira,2
f|virmondes|rodrigues,i|k|ferreira paim,6
f|virmondes|rodrigues,i|j|emilio lazo chica,8
f|virmondes|rodrigues,i|l|eduardo ramırez,8
f|virmondes|rodrigues,i|f|rodrigues helmo,10
f|virmondes|rodrigues,i|s|de castro soares,6
f|virmondes|rodrigues,i|a|de paula rogerio,6
f|virmondes|rodrigues,i|d|ferreira da cunha,2
f|virmondes|rodrigues,i|m|carvalho paschoini,4
f|virmondes|rodrigues,i|m|de fatima borges,7
f|virmondes|rodrigues,i|o|barbosa neto,2
i|d|carneiro ferreira,i|j|cesar de souza inacio goncalves,15
i|l|jorge patrizzi,i|s|gomes novais shimano,12
i|l|jorge patrizzi,i|i|aparecida porcatti de walsh,17
i|l|jorge patrizzi,i|m|falangola accioly,3
f|karina|pereira,i|i|aparecida porcatti de walsh,7
f|karina|pereira,i|s|gomes novais shimano,6
i|h|hemiko iwamoto,i|f|carolina camargo,16
i|h|hemiko iwamoto,i|s|regina ribeiro chavaglia,2
i|h|hemiko iwamoto,i|d|mara dos santos tavares,3
i|h|hemiko iwamoto,f|divanice|contim,2
i|h|hemiko iwamoto,i|m|helena barbosa,3
i|h|hemiko iwamoto,f|elizabeth|barichello,2
i|a|christian ribeiro andaki,i|e|lacerda mendes,30
i|a|christian ribeiro andaki,i|g|ribeiro da mota,3
i|a|christian ribeiro andaki,i|c|bosquiero papini,5
i|j|emilio lazo chica,i|s|de castro soares,4
i|j|emilio lazo chica,i|a|de paula rogerio,3
i|j|emilio lazo chica,i|m|antonia dos reis,2
i|j|emilio lazo chica,i|e|fernando candido murta,3
i|j|emilio lazo chica,i|v|de paula antunes teixeira,2
i|s|regina ribeiro chavaglia,f|divanice|contim,6
i|s|regina ribeiro chavaglia,i|k|goncalves do nascimento,9
i|s|regina ribeiro chavaglia,i|m|helena barbosa,17
i|s|regina ribeiro chavaglia,f|elizabeth|barichello,8
i|l|ronan marquez ferreira de souza,i|m|de fatima borges,2
i|l|ronan marquez ferreira de souza,i|m|vinicius campos souza,2
i|l|ronan marquez ferreira de souza,i|a|borges peixoto,4
i|l|ronan marquez ferreira de souza,i|e|fernando candido murta,2
i|l|ronan marquez ferreira de souza,i|m|carvalho paschoini,2
i|a|borges peixoto,i|m|carvalho paschoini,5
i|j|reis machado,i|m|antonia dos reis,56
i|j|reis machado,i|f|rodrigues helmo,15
i|j|reis machado,i|c|lourencini cavellani,2
i|j|reis machado,i|v|de paula antunes teixeira,5
i|j|reis machado,i|l|eduardo ramırez,3
i|f|carolina camargo,f|divanice|contim,4
i|f|carolina camargo,i|j|bonolo do amaral rocha,2
i|f|carolina camargo,i|i|aparecida porcatti de walsh,2
i|f|carolina camargo,i|m|pereira rezende,2
f|acdm|carneiro,f|fb|vito,38
i|r|vicente ferreira,i|d|mara dos santos tavares,2
f|divanice|contim,i|j|bonolo do amaral rocha,33
f|divanice|contim,i|s|elaine malaguti toffano,10
f|divanice|contim,f|elizabeth|barichello,6
f|divanice|contim,i|k|goncalves do nascimento,2
f|divanice|contim,i|a|lucia de assis simoes,4
i|m|falangola accioly,i|i|aparecida porcatti de walsh,9
i|m|falangola accioly,i|a|paula espindula,3
i|m|falangola accioly,i|v|de paula antunes teixeira,2
i|a|de paula rogerio,i|e|lacerda mendes,2
i|g|vannucchi portari,i|d|ferreira da cunha,6
i|g|vannucchi portari,i|m|vinicius campos souza,3
i|v|de paula antunes teixeira,i|c|lourencini cavellani,35
i|v|de paula antunes teixeira,i|m|antonia dos reis,54
i|v|de paula antunes teixeira,i|a|paula espindula,35
i|v|de paula antunes teixeira,i|d|ferreira da cunha,7
i|v|de paula antunes teixeira,i|f|rodrigues helmo,5
i|k|ferreira paim,i|s|de castro soares,2
i|k|ferreira paim,i|f|rodrigues helmo,3
i|c|lourencini cavellani,i|m|antonia dos reis,11
i|c|lourencini cavellani,i|a|paula espindula,12
i|c|lourencini cavellani,i|d|mara dos santos tavares,2
i|s|gomes novais shimano,i|i|aparecida porcatti de walsh,7
i|s|gomes novais shimano,i|d|ferreira moreira lobato,2
i|e|lacerda mendes,i|g|ribeiro da mota,16
i|e|lacerda mendes,i|o|barbosa neto,3
i|a|bernadete trovo de marqui,i|m|torreglosa ruiz cintra,13
i|a|bernadete trovo de marqui,i|m|de fatima borges,4
i|d|ferreira da cunha,i|m|antonia dos reis,2
i|d|ferreira da cunha,f|elizabeth|barichello,4
i|d|ferreira da cunha,i|m|helena barbosa,4
f|regina|simoes,i|w|wey moreira,15
i|e|fernando candido murta,i|m|carvalho paschoini,3
i|m|de fatima borges,i|o|barbosa neto,2
i|m|de fatima borges,i|f|rodrigues helmo,2
i|m|carvalho paschoini,i|m|antonia dos reis,2
i|m|carvalho paschoini,i|s|riul da silva,2
i|a|lucia de assis simoes,f|elizabeth|barichello,2
i|a|lucia de assis simoes,i|m|helena barbosa,2
i|a|lucia de assis simoes,i|d|mara dos santos tavares,6
i|a|lucia de assis simoes,i|s|riul da silva,2
i|s|riul da silva,i|d|mara dos santos tavares,2
i|m|antonia dos reis,i|f|rodrigues helmo,14
i|m|antonia dos reis,i|a|paula espindula,5
i|m|antonia dos reis,i|o|barbosa neto,3
i|m|marques dos santos felix,f|elizabeth|barichello,17
i|m|marques dos santos felix,i|m|helena barbosa,39
i|m|marques dos santos felix,i|k|goncalves do nascimento,4
i|g|ribeiro da mota,i|o|barbosa neto,15
i|m|helena barbosa,f|elizabeth|barichello,58
i|m|helena barbosa,i|k|goncalves do nascimento,10
i|k|goncalves do nascimento,f|elizabeth|barichello,2
f|elizabeth|barichello,i|j|bonolo do amaral rocha,2
