campo,n
Medicine,4231
Social Sciences,2094
Health Professions,1175
Agricultural and Biological Sciences,642
Environmental Science,627
Engineering,517
Psychology,509
"Biochemistry, Genetics and Molecular Biology",459
Arts and Humanities,390
Immunology and Microbiology,272
Materials Science,197
Computer Science,179
Physics and Astronomy,155
Neuroscience,151
Decision Sciences,135
Chemistry,88
Mathematics,87
"Business, Management and Accounting",67
Earth and Planetary Sciences,66
Dentistry,61
Nursing,49
Energy,47
"Economics, Econometrics and Finance",34
"Pharmacology, Toxicology and Pharmaceutics",28
Veterinary,16
Chemical Engineering,9
